timestamp,endpoint,p50_latency_ms,p95_latency_ms,p99_latency_ms,error_rate,qps,error_type
2026-02-16T00:00:00,/api/users,20,87,217,0.0036,632,
2026-02-16T00:00:00,/api/orders,24,96,252,0.0011,367,
2026-02-16T00:00:00,/api/products,15,63,161,0.0015,639,
2026-02-16T00:00:00,/api/search,43,176,452,0.0031,344,
2026-02-16T01:00:00,/api/users,20,86,214,0.0031,607,
2026-02-16T01:00:00,/api/orders,26,102,270,0.0035,348,
2026-02-16T01:00:00,/api/products,18,79,199,0.0012,662,
2026-02-16T01:00:00,/api/search,36,147,377,0.0013,341,
2026-02-16T02:00:00,/api/users,22,95,236,0.0011,713,
2026-02-16T02:00:00,/api/orders,26,105,277,0.0038,397,
2026-02-16T02:00:00,/api/products,15,66,166,0.0017,695,
2026-02-16T02:00:00,/api/search,35,143,369,0.0035,315,
2026-02-16T03:00:00,/api/users,20,88,219,0.0031,538,
2026-02-16T03:00:00,/api/orders,30,120,317,0.002,418,
2026-02-16T03:00:00,/api/products,20,85,215,0.0028,779,
2026-02-16T03:00:00,/api/search,43,178,457,0.0024,275,
2026-02-16T04:00:00,/api/users,23,101,251,0.002,659,
2026-02-16T04:00:00,/api/orders,31,124,327,0.0011,440,
2026-02-16T04:00:00,/api/products,15,65,164,0.001,687,
2026-02-16T04:00:00,/api/search,47,193,496,0.0026,313,
2026-02-16T05:00:00,/api/users,25,108,270,0.0016,598,
2026-02-16T05:00:00,/api/orders,23,93,245,0.0035,380,
2026-02-16T05:00:00,/api/products,18,78,198,0.0023,650,
2026-02-16T05:00:00,/api/search,35,143,369,0.0014,311,
2026-02-16T06:00:00,/api/users,37,157,392,0.0035,1303,
2026-02-16T06:00:00,/api/orders,58,231,608,0.0029,750,
2026-02-16T06:00:00,/api/products,32,136,345,0.0018,1278,
2026-02-16T06:00:00,/api/search,91,376,968,0.0016,622,
2026-02-16T07:00:00,/api/users,48,205,511,0.0018,1374,
2026-02-16T07:00:00,/api/orders,65,261,687,0.0012,743,
2026-02-16T07:00:00,/api/products,35,151,382,0.0028,1664,
2026-02-16T07:00:00,/api/search,87,356,917,0.0019,597,
2026-02-16T08:00:00,/api/users,39,166,414,0.0026,1213,
2026-02-16T08:00:00,/api/orders,65,259,683,0.0018,697,
2026-02-16T08:00:00,/api/products,41,177,447,0.0012,1570,
2026-02-16T08:00:00,/api/search,83,342,879,0.0037,627,
2026-02-16T09:00:00,/api/users,46,195,488,0.0018,1756,
2026-02-16T09:00:00,/api/orders,72,290,764,0.0031,959,
2026-02-16T09:00:00,/api/products,47,200,506,0.0022,1816,
2026-02-16T09:00:00,/api/search,95,389,1001,0.0017,721,
2026-02-16T10:00:00,/api/users,60,256,640,0.002,1617,
2026-02-16T10:00:00,/api/orders,75,301,793,0.0037,956,
2026-02-16T10:00:00,/api/products,56,241,611,0.0021,2238,
2026-02-16T10:00:00,/api/search,138,568,1459,0.0023,867,
2026-02-16T11:00:00,/api/users,53,228,571,0.001,1912,
2026-02-16T11:00:00,/api/orders,73,291,766,0.0014,1044,
2026-02-16T11:00:00,/api/products,74,315,799,0.0438,2073,429
2026-02-16T11:00:00,/api/search,117,481,1236,0.0015,937,
2026-02-16T12:00:00,/api/users,65,278,695,0.0038,1864,
2026-02-16T12:00:00,/api/orders,97,386,1018,0.0011,1103,
2026-02-16T12:00:00,/api/products,45,195,494,0.0015,1988,
2026-02-16T12:00:00,/api/search,106,436,1122,0.0037,959,
2026-02-16T13:00:00,/api/users,68,291,727,0.0021,1802,
2026-02-16T13:00:00,/api/orders,85,341,898,0.0033,1125,
2026-02-16T13:00:00,/api/products,58,249,630,0.0024,2547,
2026-02-16T13:00:00,/api/search,116,479,1231,0.0018,894,
2026-02-16T14:00:00,/api/users,58,248,619,0.004,1840,
2026-02-16T14:00:00,/api/orders,82,327,861,0.0028,1265,
2026-02-16T14:00:00,/api/products,47,202,512,0.0033,2510,
2026-02-16T14:00:00,/api/search,119,491,1264,0.0019,877,
2026-02-16T15:00:00,/api/users,74,318,795,0.0013,1953,
2026-02-16T15:00:00,/api/orders,72,289,762,0.0033,1008,
2026-02-16T15:00:00,/api/products,46,195,495,0.0029,2314,
2026-02-16T15:00:00,/api/search,147,603,1551,0.0027,1002,
2026-02-16T16:00:00,/api/users,49,211,527,0.0027,1637,
2026-02-16T16:00:00,/api/orders,180,720,1899,0.0211,991,timeout
2026-02-16T16:00:00,/api/products,46,198,502,0.0012,2104,
2026-02-16T16:00:00,/api/search,175,721,1854,0.0162,933,429
2026-02-16T17:00:00,/api/users,65,279,698,0.002,1938,
2026-02-16T17:00:00,/api/orders,67,268,708,0.0011,1105,
2026-02-16T17:00:00,/api/products,100,428,1085,0.0246,2137,500
2026-02-16T17:00:00,/api/search,122,504,1296,0.0031,804,
2026-02-16T18:00:00,/api/users,52,224,559,0.003,1669,
2026-02-16T18:00:00,/api/orders,84,335,882,0.0013,1050,
2026-02-16T18:00:00,/api/products,46,197,499,0.0018,1779,
2026-02-16T18:00:00,/api/search,101,414,1065,0.0026,853,
2026-02-16T19:00:00,/api/users,35,150,375,0.0031,1254,
2026-02-16T19:00:00,/api/orders,45,178,470,0.001,727,
2026-02-16T19:00:00,/api/products,38,162,410,0.001,1455,
2026-02-16T19:00:00,/api/search,76,315,809,0.0027,544,
2026-02-16T20:00:00,/api/users,41,175,437,0.002,1220,
2026-02-16T20:00:00,/api/orders,45,179,473,0.0029,758,
2026-02-16T20:00:00,/api/products,36,152,386,0.0015,1539,
2026-02-16T20:00:00,/api/search,69,286,735,0.0031,647,
2026-02-16T21:00:00,/api/users,45,191,478,0.0019,1423,
2026-02-16T21:00:00,/api/orders,60,240,634,0.0028,749,
2026-02-16T21:00:00,/api/products,41,174,442,0.0028,1479,
2026-02-16T21:00:00,/api/search,102,418,1075,0.0017,598,
2026-02-16T22:00:00,/api/users,50,213,532,0.002,1315,
2026-02-16T22:00:00,/api/orders,50,200,528,0.0013,685,
2026-02-16T22:00:00,/api/products,42,179,453,0.0033,1526,
2026-02-16T22:00:00,/api/search,76,314,807,0.0031,661,
2026-02-16T23:00:00,/api/users,48,207,517,0.0038,1244,
2026-02-16T23:00:00,/api/orders,57,226,596,0.0037,714,
2026-02-16T23:00:00,/api/products,32,138,350,0.0026,1690,
2026-02-16T23:00:00,/api/search,82,336,864,0.0021,603,
2026-02-17T00:00:00,/api/users,17,75,187,0.0013,539,
2026-02-17T00:00:00,/api/orders,32,128,337,0.0011,381,
2026-02-17T00:00:00,/api/products,17,72,182,0.0029,780,
2026-02-17T00:00:00,/api/search,50,204,525,0.0039,286,
2026-02-17T01:00:00,/api/users,17,72,181,0.0025,560,
2026-02-17T01:00:00,/api/orders,29,116,307,0.0034,390,
2026-02-17T01:00:00,/api/products,18,76,194,0.0022,637,
2026-02-17T01:00:00,/api/search,45,185,475,0.0016,278,
2026-02-17T02:00:00,/api/users,22,95,238,0.004,617,
2026-02-17T02:00:00,/api/orders,32,130,342,0.0011,376,
2026-02-17T02:00:00,/api/products,15,65,166,0.0023,734,
2026-02-17T02:00:00,/api/search,41,170,438,0.0019,262,
2026-02-17T03:00:00,/api/users,20,87,217,0.0013,672,
2026-02-17T03:00:00,/api/orders,29,116,306,0.0033,385,
2026-02-17T03:00:00,/api/products,19,80,204,0.0031,680,
2026-02-17T03:00:00,/api/search,40,166,426,0.0011,329,
2026-02-17T04:00:00,/api/users,19,83,208,0.0019,628,
2026-02-17T04:00:00,/api/orders,26,105,277,0.0017,409,
2026-02-17T04:00:00,/api/products,20,86,217,0.0031,701,
2026-02-17T04:00:00,/api/search,50,207,533,0.0036,263,
2026-02-17T05:00:00,/api/users,18,78,196,0.0014,616,
2026-02-17T05:00:00,/api/orders,32,129,340,0.0025,377,
2026-02-17T05:00:00,/api/products,21,89,226,0.0012,670,
2026-02-17T05:00:00,/api/search,46,189,485,0.0014,259,
2026-02-17T06:00:00,/api/users,38,162,406,0.002,1066,
2026-02-17T06:00:00,/api/orders,45,181,477,0.0025,903,
2026-02-17T06:00:00,/api/products,28,122,309,0.0017,1611,
2026-02-17T06:00:00,/api/search,98,403,1037,0.0014,516,
2026-02-17T07:00:00,/api/users,40,171,427,0.0038,1371,
2026-02-17T07:00:00,/api/orders,65,261,688,0.0021,729,
2026-02-17T07:00:00,/api/products,40,171,434,0.0038,1640,
2026-02-17T07:00:00,/api/search,71,291,749,0.0022,516,
2026-02-17T08:00:00,/api/users,48,205,512,0.0022,1320,
2026-02-17T08:00:00,/api/orders,59,236,622,0.0035,786,
2026-02-17T08:00:00,/api/products,32,137,348,0.0015,1613,
2026-02-17T08:00:00,/api/search,88,363,932,0.002,566,
2026-02-17T09:00:00,/api/users,81,348,871,0.0545,1708,network
2026-02-17T09:00:00,/api/orders,66,262,691,0.0011,1019,
2026-02-17T09:00:00,/api/products,39,166,420,0.0038,1917,
2026-02-17T09:00:00,/api/search,117,482,1240,0.0039,673,
2026-02-17T10:00:00,/api/users,48,206,514,0.0028,1645,
2026-02-17T10:00:00,/api/orders,84,336,886,0.003,1017,
2026-02-17T10:00:00,/api/products,57,244,617,0.0029,2116,
2026-02-17T10:00:00,/api/search,131,541,1392,0.0014,940,
2026-02-17T11:00:00,/api/users,55,235,588,0.0015,2022,
2026-02-17T11:00:00,/api/orders,86,343,905,0.0032,1078,
2026-02-17T11:00:00,/api/products,42,179,453,0.0026,2429,
2026-02-17T11:00:00,/api/search,143,590,1516,0.0032,829,
2026-02-17T12:00:00,/api/users,71,303,756,0.0017,1915,
2026-02-17T12:00:00,/api/orders,95,382,1006,0.0021,1207,
2026-02-17T12:00:00,/api/products,45,193,490,0.0033,2087,
2026-02-17T12:00:00,/api/search,103,425,1092,0.0017,800,
2026-02-17T13:00:00,/api/users,62,266,666,0.0013,1774,
2026-02-17T13:00:00,/api/orders,74,296,779,0.0027,1344,
2026-02-17T13:00:00,/api/products,42,180,456,0.0023,2563,
2026-02-17T13:00:00,/api/search,124,510,1311,0.0022,928,
2026-02-17T14:00:00,/api/users,66,284,710,0.0011,1880,
2026-02-17T14:00:00,/api/orders,80,320,843,0.0029,1161,
2026-02-17T14:00:00,/api/products,58,247,625,0.0022,2187,
2026-02-17T14:00:00,/api/search,139,571,1468,0.0037,995,
2026-02-17T15:00:00,/api/users,69,298,745,0.0035,2066,
2026-02-17T15:00:00,/api/orders,91,363,956,0.0024,1187,
2026-02-17T15:00:00,/api/products,54,233,590,0.0011,2206,
2026-02-17T15:00:00,/api/search,126,518,1332,0.004,1006,
2026-02-17T16:00:00,/api/users,54,232,580,0.001,1725,
2026-02-17T16:00:00,/api/orders,74,297,782,0.0031,1188,
2026-02-17T16:00:00,/api/products,44,187,474,0.0035,2073,
2026-02-17T16:00:00,/api/search,114,469,1205,0.0011,818,
2026-02-17T17:00:00,/api/users,68,290,726,0.0018,1812,
2026-02-17T17:00:00,/api/orders,79,315,832,0.003,1227,
2026-02-17T17:00:00,/api/products,42,180,457,0.0033,1967,
2026-02-17T17:00:00,/api/search,113,463,1192,0.0036,892,
2026-02-17T18:00:00,/api/users,54,232,579,0.0025,1447,
2026-02-17T18:00:00,/api/orders,78,312,822,0.0026,1056,
2026-02-17T18:00:00,/api/products,48,205,520,0.0019,1789,
2026-02-17T18:00:00,/api/search,108,445,1145,0.0033,860,
2026-02-17T19:00:00,/api/users,49,210,524,0.0016,1303,
2026-02-17T19:00:00,/api/orders,54,217,572,0.0038,755,
2026-02-17T19:00:00,/api/products,31,133,336,0.0016,1458,
2026-02-17T19:00:00,/api/search,94,386,993,0.0021,591,
2026-02-17T20:00:00,/api/users,39,165,413,0.0037,1122,
2026-02-17T20:00:00,/api/orders,54,214,565,0.0024,684,
2026-02-17T20:00:00,/api/products,39,166,421,0.002,1597,
2026-02-17T20:00:00,/api/search,90,369,949,0.0015,606,
2026-02-17T21:00:00,/api/users,48,207,518,0.0012,1151,
2026-02-17T21:00:00,/api/orders,58,231,608,0.0017,916,
2026-02-17T21:00:00,/api/products,34,146,369,0.0039,1357,
2026-02-17T21:00:00,/api/search,92,377,969,0.0011,629,
2026-02-17T22:00:00,/api/users,37,159,396,0.0028,1273,
2026-02-17T22:00:00,/api/orders,54,218,574,0.0014,767,
2026-02-17T22:00:00,/api/products,33,142,359,0.0016,1537,
2026-02-17T22:00:00,/api/search,90,372,956,0.0038,512,
2026-02-17T23:00:00,/api/users,36,154,385,0.0012,1343,
2026-02-17T23:00:00,/api/orders,61,245,646,0.0018,913,
2026-02-17T23:00:00,/api/products,28,121,306,0.0023,1327,
2026-02-17T23:00:00,/api/search,69,284,730,0.0034,557,
2026-02-18T00:00:00,/api/users,20,87,218,0.0025,534,
2026-02-18T00:00:00,/api/orders,23,94,247,0.0034,378,
2026-02-18T00:00:00,/api/products,18,77,196,0.0026,822,
2026-02-18T00:00:00,/api/search,44,182,467,0.0019,339,
2026-02-18T01:00:00,/api/users,18,78,196,0.0018,605,
2026-02-18T01:00:00,/api/orders,24,98,258,0.0039,434,
2026-02-18T01:00:00,/api/products,14,60,153,0.0036,765,
2026-02-18T01:00:00,/api/search,35,146,375,0.002,335,
2026-02-18T02:00:00,/api/users,22,93,232,0.0025,645,
2026-02-18T02:00:00,/api/orders,25,101,266,0.0019,360,
2026-02-18T02:00:00,/api/products,19,82,209,0.003,714,
2026-02-18T02:00:00,/api/search,45,185,475,0.0031,326,
2026-02-18T03:00:00,/api/users,18,79,197,0.0027,532,
2026-02-18T03:00:00,/api/orders,27,106,280,0.0016,357,
2026-02-18T03:00:00,/api/products,19,83,211,0.0039,661,
2026-02-18T03:00:00,/api/search,49,201,516,0.0019,306,
2026-02-18T04:00:00,/api/users,17,74,186,0.0028,678,
2026-02-18T04:00:00,/api/orders,28,114,300,0.0033,406,
2026-02-18T04:00:00,/api/products,16,67,170,0.0014,656,
2026-02-18T04:00:00,/api/search,38,157,403,0.0018,271,
2026-02-18T05:00:00,/api/users,21,89,223,0.0021,556,
2026-02-18T05:00:00,/api/orders,31,125,330,0.0035,422,
2026-02-18T05:00:00,/api/products,21,90,227,0.0028,661,
2026-02-18T05:00:00,/api/search,42,172,443,0.0026,284,
2026-02-18T06:00:00,/api/users,45,194,486,0.0026,1352,
2026-02-18T06:00:00,/api/orders,48,192,507,0.0013,802,
2026-02-18T06:00:00,/api/products,37,158,401,0.0027,1371,
2026-02-18T06:00:00,/api/search,85,350,899,0.0037,603,
2026-02-18T07:00:00,/api/users,41,174,435,0.0012,1100,
2026-02-18T07:00:00,/api/orders,53,211,556,0.0017,902,
2026-02-18T07:00:00,/api/products,41,176,445,0.0021,1581,
2026-02-18T07:00:00,/api/search,79,326,838,0.0032,518,
2026-02-18T08:00:00,/api/users,44,190,475,0.0034,1259,
2026-02-18T08:00:00,/api/orders,45,179,471,0.004,740,
2026-02-18T08:00:00,/api/products,37,157,397,0.0012,1417,
2026-02-18T08:00:00,/api/search,70,288,741,0.002,555,
2026-02-18T09:00:00,/api/users,47,203,508,0.004,1427,
2026-02-18T09:00:00,/api/orders,58,232,611,0.0018,910,
2026-02-18T09:00:00,/api/products,120,512,1298,0.048,1919,429
2026-02-18T09:00:00,/api/search,96,395,1017,0.0028,834,
2026-02-18T10:00:00,/api/users,110,472,1180,0.025,1952,network
2026-02-18T10:00:00,/api/orders,77,307,810,0.0014,1000,
2026-02-18T10:00:00,/api/products,54,232,588,0.0036,2165,
2026-02-18T10:00:00,/api/search,109,450,1158,0.0036,756,
2026-02-18T11:00:00,/api/users,69,295,737,0.0016,1867,
2026-02-18T11:00:00,/api/orders,84,337,890,0.0026,1271,
2026-02-18T11:00:00,/api/products,46,199,504,0.0018,1822,
2026-02-18T11:00:00,/api/search,133,548,1408,0.0027,957,
2026-02-18T12:00:00,/api/users,71,305,761,0.0029,1577,
2026-02-18T12:00:00,/api/orders,80,320,845,0.0017,1155,
2026-02-18T12:00:00,/api/products,59,255,646,0.0028,2289,
2026-02-18T12:00:00,/api/search,106,436,1120,0.0037,806,
2026-02-18T13:00:00,/api/users,64,273,681,0.0025,1610,
2026-02-18T13:00:00,/api/orders,86,343,905,0.0019,1135,
2026-02-18T13:00:00,/api/products,55,237,602,0.0012,2130,
2026-02-18T13:00:00,/api/search,132,542,1393,0.0037,796,
2026-02-18T14:00:00,/api/users,70,301,752,0.0014,1697,
2026-02-18T14:00:00,/api/orders,97,388,1022,0.0037,1232,
2026-02-18T14:00:00,/api/products,48,208,526,0.0013,2331,
2026-02-18T14:00:00,/api/search,131,541,1390,0.0024,982,
2026-02-18T15:00:00,/api/users,71,302,755,0.0037,1930,
2026-02-18T15:00:00,/api/orders,76,302,796,0.0019,1171,
2026-02-18T15:00:00,/api/products,47,203,513,0.0036,2235,
2026-02-18T15:00:00,/api/search,133,549,1412,0.0023,929,
2026-02-18T16:00:00,/api/users,56,239,597,0.0025,1773,
2026-02-18T16:00:00,/api/orders,88,351,924,0.0026,1083,
2026-02-18T16:00:00,/api/products,52,221,560,0.0038,1988,
2026-02-18T16:00:00,/api/search,144,594,1526,0.0016,819,
2026-02-18T17:00:00,/api/users,48,207,516,0.0028,1811,
2026-02-18T17:00:00,/api/orders,75,299,790,0.0016,1227,
2026-02-18T17:00:00,/api/products,55,237,602,0.0032,2028,
2026-02-18T17:00:00,/api/search,118,485,1247,0.0019,881,
2026-02-18T18:00:00,/api/users,61,262,654,0.0026,1819,
2026-02-18T18:00:00,/api/orders,59,237,624,0.0018,1111,
2026-02-18T18:00:00,/api/products,42,179,453,0.0013,2161,
2026-02-18T18:00:00,/api/search,123,507,1304,0.0021,799,
2026-02-18T19:00:00,/api/users,44,189,472,0.0029,1166,
2026-02-18T19:00:00,/api/orders,50,201,530,0.0038,792,
2026-02-18T19:00:00,/api/products,31,134,339,0.0034,1722,
2026-02-18T19:00:00,/api/search,88,361,929,0.0011,541,
2026-02-18T20:00:00,/api/users,40,169,423,0.0015,1273,
2026-02-18T20:00:00,/api/orders,52,210,553,0.0035,704,
2026-02-18T20:00:00,/api/products,40,169,429,0.0011,1426,
2026-02-18T20:00:00,/api/search,83,341,878,0.002,683,
2026-02-18T21:00:00,/api/users,42,181,453,0.0035,1065,
2026-02-18T21:00:00,/api/orders,63,251,661,0.0018,872,
2026-02-18T21:00:00,/api/products,33,141,358,0.0011,1680,
2026-02-18T21:00:00,/api/search,97,399,1026,0.0013,677,
2026-02-18T22:00:00,/api/users,48,204,509,0.0037,1391,
2026-02-18T22:00:00,/api/orders,62,250,658,0.001,748,
2026-02-18T22:00:00,/api/products,32,136,344,0.0032,1415,
2026-02-18T22:00:00,/api/search,86,352,905,0.0024,527,
2026-02-18T23:00:00,/api/users,48,204,510,0.0021,1354,
2026-02-18T23:00:00,/api/orders,47,189,498,0.0027,686,
2026-02-18T23:00:00,/api/products,28,122,308,0.0032,1419,
2026-02-18T23:00:00,/api/search,99,409,1053,0.0035,670,
2026-02-19T00:00:00,/api/users,23,97,242,0.0015,564,
2026-02-19T00:00:00,/api/orders,30,122,321,0.0023,452,
2026-02-19T00:00:00,/api/products,18,79,200,0.0034,765,
2026-02-19T00:00:00,/api/search,46,188,483,0.0025,276,
2026-02-19T01:00:00,/api/users,21,90,224,0.002,716,
2026-02-19T01:00:00,/api/orders,24,98,258,0.0012,422,
2026-02-19T01:00:00,/api/products,21,89,225,0.0022,764,
2026-02-19T01:00:00,/api/search,38,157,403,0.001,284,
2026-02-19T02:00:00,/api/users,17,75,187,0.0013,656,
2026-02-19T02:00:00,/api/orders,24,98,257,0.0021,427,
2026-02-19T02:00:00,/api/products,21,89,225,0.0024,682,
2026-02-19T02:00:00,/api/search,48,200,513,0.001,295,
2026-02-19T03:00:00,/api/users,18,76,191,0.0029,672,
2026-02-19T03:00:00,/api/orders,30,119,313,0.0026,348,
2026-02-19T03:00:00,/api/products,20,84,213,0.0021,827,
2026-02-19T03:00:00,/api/search,51,208,535,0.0033,308,
2026-02-19T04:00:00,/api/users,23,99,248,0.0022,587,
2026-02-19T04:00:00,/api/orders,31,123,326,0.0032,379,
2026-02-19T04:00:00,/api/products,20,86,219,0.0036,665,
2026-02-19T04:00:00,/api/search,40,163,420,0.0034,305,
2026-02-19T05:00:00,/api/users,22,95,238,0.0013,653,
2026-02-19T05:00:00,/api/orders,32,127,336,0.0032,446,
2026-02-19T05:00:00,/api/products,16,70,176,0.0021,708,
2026-02-19T05:00:00,/api/search,44,180,462,0.0024,327,
2026-02-19T06:00:00,/api/users,34,147,367,0.0024,1413,
2026-02-19T06:00:00,/api/orders,59,236,622,0.0039,709,
2026-02-19T06:00:00,/api/products,38,162,410,0.0019,1435,
2026-02-19T06:00:00,/api/search,80,328,844,0.0018,538,
2026-02-19T07:00:00,/api/users,39,166,414,0.0033,1320,
2026-02-19T07:00:00,/api/orders,45,179,471,0.0028,849,
2026-02-19T07:00:00,/api/products,31,133,336,0.0016,1443,
2026-02-19T07:00:00,/api/search,86,354,911,0.0023,676,
2026-02-19T08:00:00,/api/users,39,169,423,0.0012,1127,
2026-02-19T08:00:00,/api/orders,64,255,673,0.0035,816,
2026-02-19T08:00:00,/api/products,40,171,432,0.0034,1553,
2026-02-19T08:00:00,/api/search,83,341,878,0.0023,635,
2026-02-19T09:00:00,/api/users,136,585,1462,0.0506,1475,429
2026-02-19T09:00:00,/api/orders,79,316,834,0.0011,1086,
2026-02-19T09:00:00,/api/products,40,173,438,0.0021,1724,
2026-02-19T09:00:00,/api/search,95,391,1005,0.0034,821,
2026-02-19T10:00:00,/api/users,63,270,675,0.0011,1554,
2026-02-19T10:00:00,/api/orders,88,352,927,0.0022,1096,
2026-02-19T10:00:00,/api/products,54,233,590,0.0023,2086,
2026-02-19T10:00:00,/api/search,101,416,1070,0.0024,751,
2026-02-19T11:00:00,/api/users,56,240,599,0.0025,1985,
2026-02-19T11:00:00,/api/orders,75,302,796,0.0016,1281,
2026-02-19T11:00:00,/api/products,100,427,1083,0.078,1925,network
2026-02-19T11:00:00,/api/search,137,563,1447,0.0038,835,
2026-02-19T12:00:00,/api/users,56,238,595,0.0037,1881,
2026-02-19T12:00:00,/api/orders,78,314,828,0.0032,1170,
2026-02-19T12:00:00,/api/products,58,248,629,0.0032,2329,
2026-02-19T12:00:00,/api/search,140,575,1479,0.0035,973,
2026-02-19T13:00:00,/api/users,65,280,700,0.002,1957,
2026-02-19T13:00:00,/api/orders,85,341,900,0.0031,1298,
2026-02-19T13:00:00,/api/products,59,253,642,0.0037,2143,
2026-02-19T13:00:00,/api/search,106,437,1123,0.003,953,
2026-02-19T14:00:00,/api/users,70,299,747,0.0035,2020,
2026-02-19T14:00:00,/api/orders,97,387,1020,0.0012,1056,
2026-02-19T14:00:00,/api/products,59,252,638,0.0012,1917,
2026-02-19T14:00:00,/api/search,135,558,1434,0.0025,811,
2026-02-19T15:00:00,/api/users,59,255,636,0.0013,1880,
2026-02-19T15:00:00,/api/orders,76,305,803,0.002,1110,
2026-02-19T15:00:00,/api/products,56,241,611,0.0038,2316,
2026-02-19T15:00:00,/api/search,127,522,1342,0.0035,876,
2026-02-19T16:00:00,/api/users,49,210,526,0.003,1749,
2026-02-19T16:00:00,/api/orders,69,277,729,0.0023,1068,
2026-02-19T16:00:00,/api/products,47,201,509,0.0033,1825,
2026-02-19T16:00:00,/api/search,123,507,1304,0.0031,871,
2026-02-19T17:00:00,/api/users,65,281,701,0.0012,1925,
2026-02-19T17:00:00,/api/orders,71,282,744,0.0018,1240,
2026-02-19T17:00:00,/api/products,56,241,610,0.0027,1800,
2026-02-19T17:00:00,/api/search,94,386,993,0.0036,924,
2026-02-19T18:00:00,/api/users,59,255,637,0.0011,1481,
2026-02-19T18:00:00,/api/orders,81,324,854,0.0035,1016,
2026-02-19T18:00:00,/api/products,54,233,590,0.003,2180,
2026-02-19T18:00:00,/api/search,126,519,1333,0.0033,818,
2026-02-19T19:00:00,/api/users,38,165,412,0.0029,1114,
2026-02-19T19:00:00,/api/orders,47,188,496,0.0031,836,
2026-02-19T19:00:00,/api/products,31,133,337,0.0029,1615,
2026-02-19T19:00:00,/api/search,95,390,1004,0.0034,638,
2026-02-19T20:00:00,/api/users,38,164,411,0.0023,1359,
2026-02-19T20:00:00,/api/orders,46,183,481,0.0032,863,
2026-02-19T20:00:00,/api/products,38,162,410,0.0012,1486,
2026-02-19T20:00:00,/api/search,97,401,1032,0.0018,664,
2026-02-19T21:00:00,/api/users,38,162,406,0.0037,1163,
2026-02-19T21:00:00,/api/orders,52,209,551,0.001,844,
2026-02-19T21:00:00,/api/products,34,147,373,0.0022,1680,
2026-02-19T21:00:00,/api/search,91,373,958,0.0031,662,
2026-02-19T22:00:00,/api/users,37,158,395,0.0027,1386,
2026-02-19T22:00:00,/api/orders,48,190,502,0.0037,735,
2026-02-19T22:00:00,/api/products,42,178,451,0.0036,1351,
2026-02-19T22:00:00,/api/search,74,304,782,0.0018,676,
2026-02-19T23:00:00,/api/users,40,173,432,0.0036,1379,
2026-02-19T23:00:00,/api/orders,62,248,654,0.001,851,
2026-02-19T23:00:00,/api/products,37,157,397,0.0011,1622,
2026-02-19T23:00:00,/api/search,90,370,952,0.0014,546,
2026-02-20T00:00:00,/api/users,17,73,182,0.0027,718,
2026-02-20T00:00:00,/api/orders,23,92,244,0.0012,422,
2026-02-20T00:00:00,/api/products,16,68,171,0.0032,819,
2026-02-20T00:00:00,/api/search,50,204,525,0.004,322,
2026-02-20T01:00:00,/api/users,17,74,185,0.0015,630,
2026-02-20T01:00:00,/api/orders,32,129,340,0.0036,374,
2026-02-20T01:00:00,/api/products,14,61,156,0.0029,835,
2026-02-20T01:00:00,/api/search,39,162,416,0.0025,311,
2026-02-20T02:00:00,/api/users,21,91,226,0.0035,568,
2026-02-20T02:00:00,/api/orders,23,93,246,0.0021,402,
2026-02-20T02:00:00,/api/products,14,61,155,0.0033,830,
2026-02-20T02:00:00,/api/search,40,165,425,0.0031,327,
2026-02-20T03:00:00,/api/users,25,107,267,0.0036,595,
2026-02-20T03:00:00,/api/orders,32,129,340,0.0035,398,
2026-02-20T03:00:00,/api/products,16,68,173,0.0036,666,
2026-02-20T03:00:00,/api/search,39,159,408,0.0034,271,
2026-02-20T04:00:00,/api/users,23,98,246,0.0024,663,
2026-02-20T04:00:00,/api/orders,22,89,234,0.003,445,
2026-02-20T04:00:00,/api/products,14,61,153,0.0016,709,
2026-02-20T04:00:00,/api/search,38,156,402,0.0033,261,
2026-02-20T05:00:00,/api/users,18,79,196,0.002,702,
2026-02-20T05:00:00,/api/orders,27,109,287,0.0014,455,
2026-02-20T05:00:00,/api/products,16,68,171,0.0031,670,
2026-02-20T05:00:00,/api/search,46,188,483,0.0028,339,
2026-02-20T06:00:00,/api/users,41,174,435,0.0029,1142,
2026-02-20T06:00:00,/api/orders,50,199,525,0.0018,814,
2026-02-20T06:00:00,/api/products,36,155,393,0.0022,1688,
2026-02-20T06:00:00,/api/search,70,288,742,0.0031,597,
2026-02-20T07:00:00,/api/users,43,186,464,0.0032,1201,
2026-02-20T07:00:00,/api/orders,47,190,501,0.0038,842,
2026-02-20T07:00:00,/api/products,32,136,344,0.0016,1712,
2026-02-20T07:00:00,/api/search,75,309,793,0.004,584,
2026-02-20T08:00:00,/api/users,50,216,540,0.002,1116,
2026-02-20T08:00:00,/api/orders,59,238,627,0.004,724,
2026-02-20T08:00:00,/api/products,34,147,373,0.0033,1504,
2026-02-20T08:00:00,/api/search,100,412,1061,0.004,651,
2026-02-20T09:00:00,/api/users,64,273,683,0.0032,1579,
2026-02-20T09:00:00,/api/orders,70,282,743,0.0028,1149,
2026-02-20T09:00:00,/api/products,38,162,411,0.0021,2035,
2026-02-20T09:00:00,/api/search,112,460,1183,0.0028,794,
2026-02-20T10:00:00,/api/users,63,269,673,0.0024,1630,
2026-02-20T10:00:00,/api/orders,88,350,924,0.0033,1106,
2026-02-20T10:00:00,/api/products,49,208,527,0.0024,1783,
2026-02-20T10:00:00,/api/search,108,446,1146,0.0011,742,
2026-02-20T11:00:00,/api/users,56,238,596,0.003,2002,
2026-02-20T11:00:00,/api/orders,69,277,731,0.0038,1057,
2026-02-20T11:00:00,/api/products,105,449,1138,0.007,2386,500
2026-02-20T11:00:00,/api/search,139,573,1472,0.002,849,
2026-02-20T12:00:00,/api/users,74,317,794,0.0032,2082,
2026-02-20T12:00:00,/api/orders,73,293,772,0.003,1339,
2026-02-20T12:00:00,/api/products,42,178,452,0.0011,1940,
2026-02-20T12:00:00,/api/search,132,545,1400,0.0018,943,
2026-02-20T13:00:00,/api/users,58,248,620,0.0013,1650,
2026-02-20T13:00:00,/api/orders,83,332,876,0.0018,1043,
2026-02-20T13:00:00,/api/products,51,219,555,0.0024,2564,
2026-02-20T13:00:00,/api/search,108,443,1140,0.0032,796,
2026-02-20T14:00:00,/api/users,53,228,569,0.0014,1976,
2026-02-20T14:00:00,/api/orders,92,369,973,0.004,1212,
2026-02-20T14:00:00,/api/products,50,215,545,0.0032,2425,
2026-02-20T14:00:00,/api/search,135,554,1425,0.001,951,
2026-02-20T15:00:00,/api/users,63,269,671,0.002,1846,
2026-02-20T15:00:00,/api/orders,84,334,881,0.0032,1164,
2026-02-20T15:00:00,/api/products,61,260,658,0.0023,2257,
2026-02-20T15:00:00,/api/search,116,478,1230,0.0027,911,
2026-02-20T16:00:00,/api/users,69,296,741,0.0023,1923,
2026-02-20T16:00:00,/api/orders,72,288,758,0.0025,1301,
2026-02-20T16:00:00,/api/products,54,233,590,0.0027,2407,
2026-02-20T16:00:00,/api/search,114,468,1203,0.0034,883,
2026-02-20T17:00:00,/api/users,53,226,565,0.002,1598,
2026-02-20T17:00:00,/api/orders,86,344,907,0.0035,1010,
2026-02-20T17:00:00,/api/products,57,244,618,0.0034,2103,
2026-02-20T17:00:00,/api/search,137,563,1447,0.0021,901,
2026-02-20T18:00:00,/api/users,55,234,586,0.0033,1495,
2026-02-20T18:00:00,/api/orders,76,302,797,0.0024,1115,
2026-02-20T18:00:00,/api/products,47,200,507,0.0019,2108,
2026-02-20T18:00:00,/api/search,122,501,1289,0.0039,667,
2026-02-20T19:00:00,/api/users,41,174,434,0.004,1434,
2026-02-20T19:00:00,/api/orders,61,244,643,0.0023,849,
2026-02-20T19:00:00,/api/products,31,135,342,0.0038,1337,
2026-02-20T19:00:00,/api/search,77,317,815,0.0014,626,
2026-02-20T20:00:00,/api/users,39,169,423,0.0028,1316,
2026-02-20T20:00:00,/api/orders,51,204,537,0.0011,803,
2026-02-20T20:00:00,/api/products,35,151,381,0.0037,1597,
2026-02-20T20:00:00,/api/search,72,296,762,0.0023,628,
2026-02-20T21:00:00,/api/users,43,186,464,0.0014,1117,
2026-02-20T21:00:00,/api/orders,50,201,531,0.0036,698,
2026-02-20T21:00:00,/api/products,32,135,343,0.0011,1603,
2026-02-20T21:00:00,/api/search,75,309,794,0.0029,689,
2026-02-20T22:00:00,/api/users,38,165,411,0.0011,1376,
2026-02-20T22:00:00,/api/orders,59,237,624,0.0037,876,
2026-02-20T22:00:00,/api/products,31,134,340,0.0023,1546,
2026-02-20T22:00:00,/api/search,75,308,792,0.0018,654,
2026-02-20T23:00:00,/api/users,41,177,442,0.0037,1241,
2026-02-20T23:00:00,/api/orders,44,176,464,0.003,799,
2026-02-20T23:00:00,/api/products,28,121,307,0.0021,1322,
2026-02-20T23:00:00,/api/search,89,365,940,0.0037,599,
2026-02-21T00:00:00,/api/users,19,80,200,0.0035,701,
2026-02-21T00:00:00,/api/orders,32,129,341,0.0015,398,
2026-02-21T00:00:00,/api/products,20,86,218,0.0019,663,
2026-02-21T00:00:00,/api/search,50,205,527,0.0022,311,
2026-02-21T01:00:00,/api/users,19,82,204,0.0035,663,
2026-02-21T01:00:00,/api/orders,29,116,305,0.0026,374,
2026-02-21T01:00:00,/api/products,14,61,155,0.0025,706,
2026-02-21T01:00:00,/api/search,48,197,507,0.0014,341,
2026-02-21T02:00:00,/api/users,18,77,192,0.0029,583,
2026-02-21T02:00:00,/api/orders,25,100,263,0.0027,404,
2026-02-21T02:00:00,/api/products,18,76,193,0.0023,830,
2026-02-21T02:00:00,/api/search,45,185,477,0.0035,258,
2026-02-21T03:00:00,/api/users,25,105,264,0.003,592,
2026-02-21T03:00:00,/api/orders,28,111,293,0.002,439,
2026-02-21T03:00:00,/api/products,17,74,187,0.0011,860,
2026-02-21T03:00:00,/api/search,41,170,438,0.0028,266,
2026-02-21T04:00:00,/api/users,20,86,216,0.0025,547,
2026-02-21T04:00:00,/api/orders,32,129,340,0.0035,427,
2026-02-21T04:00:00,/api/products,19,82,208,0.0038,821,
2026-02-21T04:00:00,/api/search,42,174,447,0.0016,339,
2026-02-21T05:00:00,/api/users,17,73,182,0.0025,593,
2026-02-21T05:00:00,/api/orders,30,121,319,0.0026,398,
2026-02-21T05:00:00,/api/products,20,84,212,0.0027,773,
2026-02-21T05:00:00,/api/search,47,194,498,0.002,344,
2026-02-21T06:00:00,/api/users,45,195,487,0.003,1308,
2026-02-21T06:00:00,/api/orders,64,257,679,0.0025,806,
2026-02-21T06:00:00,/api/products,28,120,305,0.0034,1697,
2026-02-21T06:00:00,/api/search,73,299,769,0.0034,616,
2026-02-21T07:00:00,/api/users,50,214,534,0.004,1419,
2026-02-21T07:00:00,/api/orders,59,237,625,0.0023,734,
2026-02-21T07:00:00,/api/products,31,132,335,0.0021,1687,
2026-02-21T07:00:00,/api/search,101,414,1065,0.0026,544,
2026-02-21T08:00:00,/api/users,38,161,402,0.0011,1380,
2026-02-21T08:00:00,/api/orders,62,248,653,0.0012,774,
2026-02-21T08:00:00,/api/products,35,148,375,0.0017,1332,
2026-02-21T08:00:00,/api/search,87,360,926,0.0025,590,
2026-02-21T09:00:00,/api/users,64,276,690,0.0016,1573,
2026-02-21T09:00:00,/api/orders,148,592,1561,0.0134,1129,500
2026-02-21T09:00:00,/api/products,41,174,440,0.0017,1842,
2026-02-21T09:00:00,/api/search,118,488,1255,0.0014,892,
2026-02-21T10:00:00,/api/users,50,215,538,0.0033,1789,
2026-02-21T10:00:00,/api/orders,75,301,794,0.0016,996,
2026-02-21T10:00:00,/api/products,48,207,524,0.003,2063,
2026-02-21T10:00:00,/api/search,115,475,1220,0.0039,867,
2026-02-21T11:00:00,/api/users,68,293,732,0.0032,1977,
2026-02-21T11:00:00,/api/orders,86,345,911,0.004,1239,
2026-02-21T11:00:00,/api/products,47,202,512,0.0017,2246,
2026-02-21T11:00:00,/api/search,104,428,1099,0.0026,960,
2026-02-21T12:00:00,/api/users,65,280,701,0.0013,1644,
2026-02-21T12:00:00,/api/orders,81,323,852,0.003,1339,
2026-02-21T12:00:00,/api/products,44,187,474,0.0018,2320,
2026-02-21T12:00:00,/api/search,141,580,1493,0.0021,751,
2026-02-21T13:00:00,/api/users,62,267,667,0.0013,2065,
2026-02-21T13:00:00,/api/orders,85,339,895,0.0015,1056,
2026-02-21T13:00:00,/api/products,48,205,519,0.004,1991,
2026-02-21T13:00:00,/api/search,356,1465,3766,0.0475,809,500
2026-02-21T14:00:00,/api/users,72,307,768,0.0024,2134,
2026-02-21T14:00:00,/api/orders,83,333,879,0.0028,1341,
2026-02-21T14:00:00,/api/products,54,232,587,0.0038,2283,
2026-02-21T14:00:00,/api/search,109,448,1153,0.0012,1015,
2026-02-21T15:00:00,/api/users,73,313,783,0.0012,1931,
2026-02-21T15:00:00,/api/orders,94,377,994,0.0027,1293,
2026-02-21T15:00:00,/api/products,55,237,599,0.0035,2180,
2026-02-21T15:00:00,/api/search,123,506,1302,0.0025,987,
2026-02-21T16:00:00,/api/users,66,283,706,0.0035,1920,
2026-02-21T16:00:00,/api/orders,92,369,972,0.0021,996,
2026-02-21T16:00:00,/api/products,43,184,466,0.0028,2451,
2026-02-21T16:00:00,/api/search,104,428,1102,0.0021,897,
2026-02-21T17:00:00,/api/users,47,203,508,0.0033,1821,
2026-02-21T17:00:00,/api/orders,84,338,890,0.0018,1143,
2026-02-21T17:00:00,/api/products,52,224,567,0.003,1821,
2026-02-21T17:00:00,/api/search,107,440,1130,0.0036,921,
2026-02-21T18:00:00,/api/users,52,223,558,0.0017,1765,
2026-02-21T18:00:00,/api/orders,57,229,604,0.0022,1144,
2026-02-21T18:00:00,/api/products,51,220,557,0.0027,1816,
2026-02-21T18:00:00,/api/search,126,518,1332,0.0032,881,
2026-02-21T19:00:00,/api/users,35,149,373,0.0017,1332,
2026-02-21T19:00:00,/api/orders,64,257,678,0.0039,728,
2026-02-21T19:00:00,/api/products,29,124,314,0.0032,1385,
2026-02-21T19:00:00,/api/search,93,381,980,0.0015,634,
2026-02-21T20:00:00,/api/users,42,181,452,0.002,1378,
2026-02-21T20:00:00,/api/orders,44,177,467,0.0029,680,
2026-02-21T20:00:00,/api/products,42,180,456,0.0015,1461,
2026-02-21T20:00:00,/api/search,82,336,864,0.001,527,
2026-02-21T21:00:00,/api/users,38,162,406,0.0023,1369,
2026-02-21T21:00:00,/api/orders,63,253,666,0.0031,726,
2026-02-21T21:00:00,/api/products,30,130,329,0.0036,1568,
2026-02-21T21:00:00,/api/search,80,328,842,0.0034,540,
2026-02-21T22:00:00,/api/users,48,206,516,0.0015,1260,
2026-02-21T22:00:00,/api/orders,46,184,485,0.003,728,
2026-02-21T22:00:00,/api/products,38,165,417,0.0035,1599,
2026-02-21T22:00:00,/api/search,93,382,983,0.0031,513,
2026-02-21T23:00:00,/api/users,42,179,446,0.001,1081,
2026-02-21T23:00:00,/api/orders,51,204,537,0.0038,856,
2026-02-21T23:00:00,/api/products,38,162,410,0.0019,1275,
2026-02-21T23:00:00,/api/search,82,338,869,0.0024,643,
2026-02-22T00:00:00,/api/users,21,92,230,0.003,550,
2026-02-22T00:00:00,/api/orders,28,112,295,0.0022,388,
2026-02-22T00:00:00,/api/products,20,84,213,0.0036,712,
2026-02-22T00:00:00,/api/search,45,184,473,0.0019,259,
2026-02-22T01:00:00,/api/users,19,81,202,0.0036,590,
2026-02-22T01:00:00,/api/orders,28,110,291,0.0033,392,
2026-02-22T01:00:00,/api/products,14,60,153,0.0028,830,
2026-02-22T01:00:00,/api/search,48,196,503,0.0034,327,
2026-02-22T02:00:00,/api/users,18,79,198,0.0011,551,
2026-02-22T02:00:00,/api/orders,24,95,251,0.0022,401,
2026-02-22T02:00:00,/api/products,18,79,199,0.0019,829,
2026-02-22T02:00:00,/api/search,46,188,484,0.0015,266,
2026-02-22T03:00:00,/api/users,20,86,215,0.0015,608,
2026-02-22T03:00:00,/api/orders,33,131,345,0.0038,410,
2026-02-22T03:00:00,/api/products,17,73,184,0.0033,705,
2026-02-22T03:00:00,/api/search,34,142,365,0.0036,263,
2026-02-22T04:00:00,/api/users,25,107,266,0.0013,673,
2026-02-22T04:00:00,/api/orders,31,124,326,0.0036,393,
2026-02-22T04:00:00,/api/products,19,80,204,0.0015,709,
2026-02-22T04:00:00,/api/search,46,190,488,0.0026,279,
2026-02-22T05:00:00,/api/users,18,76,190,0.0013,644,
2026-02-22T05:00:00,/api/orders,28,112,294,0.0028,378,
2026-02-22T05:00:00,/api/products,17,72,181,0.0016,660,
2026-02-22T05:00:00,/api/search,41,169,436,0.0015,270,
2026-02-22T06:00:00,/api/users,45,195,486,0.003,1379,
2026-02-22T06:00:00,/api/orders,48,193,508,0.0038,718,
2026-02-22T06:00:00,/api/products,40,171,434,0.0019,1559,
2026-02-22T06:00:00,/api/search,76,312,803,0.001,543,
2026-02-22T07:00:00,/api/users,35,151,378,0.0027,1230,
2026-02-22T07:00:00,/api/orders,56,225,594,0.0022,842,
2026-02-22T07:00:00,/api/products,39,168,427,0.0016,1428,
2026-02-22T07:00:00,/api/search,100,413,1063,0.0037,610,
2026-02-22T08:00:00,/api/users,47,199,498,0.0032,1257,
2026-02-22T08:00:00,/api/orders,64,255,673,0.0019,712,
2026-02-22T08:00:00,/api/products,29,126,319,0.0033,1547,
2026-02-22T08:00:00,/api/search,89,368,947,0.0021,576,
2026-02-22T09:00:00,/api/users,56,239,597,0.004,1425,
2026-02-22T09:00:00,/api/orders,79,316,832,0.0019,989,
2026-02-22T09:00:00,/api/products,50,213,541,0.0031,1845,
2026-02-22T09:00:00,/api/search,109,451,1159,0.0035,724,
2026-02-22T10:00:00,/api/users,63,269,673,0.0029,1521,
2026-02-22T10:00:00,/api/orders,187,747,1969,0.015,992,429
2026-02-22T10:00:00,/api/products,41,175,443,0.002,2249,
2026-02-22T10:00:00,/api/search,103,426,1095,0.0016,748,
2026-02-22T11:00:00,/api/users,54,231,578,0.002,1565,
2026-02-22T11:00:00,/api/orders,70,280,738,0.0036,987,
2026-02-22T11:00:00,/api/products,43,183,463,0.0023,1909,
2026-02-22T11:00:00,/api/search,109,447,1149,0.0012,959,
2026-02-22T12:00:00,/api/users,127,545,1363,0.0395,1824,timeout
2026-02-22T12:00:00,/api/orders,77,308,811,0.0039,1264,
2026-02-22T12:00:00,/api/products,55,235,595,0.0037,2439,
2026-02-22T12:00:00,/api/search,126,519,1334,0.0039,809,
2026-02-22T13:00:00,/api/users,65,277,692,0.002,1999,
2026-02-22T13:00:00,/api/orders,86,343,904,0.0011,1150,
2026-02-22T13:00:00,/api/products,47,203,515,0.003,2269,
2026-02-22T13:00:00,/api/search,122,502,1291,0.0025,854,
2026-02-22T14:00:00,/api/users,61,263,658,0.0035,1999,
2026-02-22T14:00:00,/api/orders,98,392,1035,0.0013,1042,
2026-02-22T14:00:00,/api/products,105,448,1136,0.042,2325,429
2026-02-22T14:00:00,/api/search,152,628,1614,0.0019,827,
2026-02-22T15:00:00,/api/users,54,232,580,0.0012,1792,
2026-02-22T15:00:00,/api/orders,66,263,693,0.0025,1013,
2026-02-22T15:00:00,/api/products,60,256,649,0.0017,1915,
2026-02-22T15:00:00,/api/search,137,564,1450,0.0018,833,
2026-02-22T16:00:00,/api/users,59,254,636,0.0015,1623,
2026-02-22T16:00:00,/api/orders,90,359,948,0.0023,1090,
2026-02-22T16:00:00,/api/products,43,182,462,0.0022,1865,
2026-02-22T16:00:00,/api/search,139,572,1470,0.0023,801,
2026-02-22T17:00:00,/api/users,49,208,520,0.0029,1811,
2026-02-22T17:00:00,/api/orders,76,304,802,0.0014,1209,
2026-02-22T17:00:00,/api/products,57,244,619,0.0035,2130,
2026-02-22T17:00:00,/api/search,122,503,1295,0.0037,792,
2026-02-22T18:00:00,/api/users,57,246,614,0.0016,1581,
2026-02-22T18:00:00,/api/orders,67,267,704,0.0037,971,
2026-02-22T18:00:00,/api/products,37,158,401,0.0014,1845,
2026-02-22T18:00:00,/api/search,96,397,1021,0.0034,766,
2026-02-22T19:00:00,/api/users,39,169,422,0.0039,1340,
2026-02-22T19:00:00,/api/orders,61,244,644,0.0035,734,
2026-02-22T19:00:00,/api/products,40,172,435,0.0027,1408,
2026-02-22T19:00:00,/api/search,80,328,842,0.0014,591,
2026-02-22T20:00:00,/api/users,36,153,382,0.0035,1068,
2026-02-22T20:00:00,/api/orders,59,236,622,0.0013,712,
2026-02-22T20:00:00,/api/products,37,158,399,0.0029,1507,
2026-02-22T20:00:00,/api/search,85,349,898,0.0032,516,
2026-02-22T21:00:00,/api/users,44,190,474,0.0017,1124,
2026-02-22T21:00:00,/api/orders,45,178,470,0.0038,715,
2026-02-22T21:00:00,/api/products,30,127,321,0.0019,1338,
2026-02-22T21:00:00,/api/search,69,286,735,0.0015,538,
2026-02-22T22:00:00,/api/users,41,176,440,0.0021,1377,
2026-02-22T22:00:00,/api/orders,66,262,691,0.0021,743,
2026-02-22T22:00:00,/api/products,31,133,336,0.0031,1607,
2026-02-22T22:00:00,/api/search,98,405,1043,0.0017,636,
2026-02-22T23:00:00,/api/users,42,181,453,0.0039,1351,
2026-02-22T23:00:00,/api/orders,62,247,651,0.0012,702,
2026-02-22T23:00:00,/api/products,28,122,308,0.0012,1391,
2026-02-22T23:00:00,/api/search,97,401,1031,0.0014,679,
2026-02-23T00:00:00,/api/users,25,106,265,0.0029,582,
2026-02-23T00:00:00,/api/orders,23,91,240,0.0038,364,
2026-02-23T00:00:00,/api/products,17,74,186,0.0015,643,
2026-02-23T00:00:00,/api/search,36,150,386,0.0033,287,
2026-02-23T01:00:00,/api/users,22,93,232,0.0032,706,
2026-02-23T01:00:00,/api/orders,29,116,307,0.003,427,
2026-02-23T01:00:00,/api/products,15,63,160,0.0012,858,
2026-02-23T01:00:00,/api/search,40,165,425,0.0027,321,
2026-02-23T02:00:00,/api/users,21,90,225,0.0034,573,
2026-02-23T02:00:00,/api/orders,31,123,325,0.0039,347,
2026-02-23T02:00:00,/api/products,15,66,167,0.0028,823,
2026-02-23T02:00:00,/api/search,47,192,495,0.0018,313,
2026-02-23T03:00:00,/api/users,21,88,220,0.001,613,
2026-02-23T03:00:00,/api/orders,23,92,243,0.0036,416,
2026-02-23T03:00:00,/api/products,16,70,177,0.0019,778,
2026-02-23T03:00:00,/api/search,50,205,526,0.0023,297,
2026-02-23T04:00:00,/api/users,23,100,249,0.0026,612,
2026-02-23T04:00:00,/api/orders,23,90,238,0.0016,416,
2026-02-23T04:00:00,/api/products,14,61,155,0.0012,728,
2026-02-23T04:00:00,/api/search,46,190,489,0.0014,313,
2026-02-23T05:00:00,/api/users,18,76,190,0.0021,638,
2026-02-23T05:00:00,/api/orders,29,115,303,0.0037,353,
2026-02-23T05:00:00,/api/products,17,71,180,0.0036,713,
2026-02-23T05:00:00,/api/search,44,182,468,0.0018,282,
2026-02-23T06:00:00,/api/users,48,205,512,0.0023,1314,
2026-02-23T06:00:00,/api/orders,57,228,600,0.0015,902,
2026-02-23T06:00:00,/api/products,31,134,338,0.0022,1341,
2026-02-23T06:00:00,/api/search,82,337,866,0.0021,603,
2026-02-23T07:00:00,/api/users,49,208,521,0.0012,1213,
2026-02-23T07:00:00,/api/orders,56,222,587,0.0015,749,
2026-02-23T07:00:00,/api/products,35,150,379,0.0018,1333,
2026-02-23T07:00:00,/api/search,75,309,794,0.0033,647,
2026-02-23T08:00:00,/api/users,45,194,484,0.0028,1131,
2026-02-23T08:00:00,/api/orders,65,261,687,0.0018,861,
2026-02-23T08:00:00,/api/products,38,163,414,0.001,1597,
2026-02-23T08:00:00,/api/search,77,317,816,0.0039,648,
2026-02-23T09:00:00,/api/users,44,188,469,0.0025,1614,
2026-02-23T09:00:00,/api/orders,145,581,1532,0.0529,1022,429
2026-02-23T09:00:00,/api/products,39,165,418,0.0023,1679,
2026-02-23T09:00:00,/api/search,120,495,1273,0.0011,873,
2026-02-23T10:00:00,/api/users,47,200,500,0.0029,1667,
2026-02-23T10:00:00,/api/orders,64,255,672,0.0011,1107,
2026-02-23T10:00:00,/api/products,50,215,544,0.0026,2147,
2026-02-23T10:00:00,/api/search,239,984,2530,0.0817,708,500
2026-02-23T11:00:00,/api/users,51,218,545,0.0011,1627,
2026-02-23T11:00:00,/api/orders,63,254,668,0.0038,1133,
2026-02-23T11:00:00,/api/products,44,191,483,0.0024,1833,
2026-02-23T11:00:00,/api/search,101,416,1070,0.003,875,
2026-02-23T12:00:00,/api/users,59,251,628,0.0012,1836,
2026-02-23T12:00:00,/api/orders,69,274,723,0.0024,1260,
2026-02-23T12:00:00,/api/products,43,186,470,0.0031,2258,
2026-02-23T12:00:00,/api/search,140,575,1478,0.0033,898,
2026-02-23T13:00:00,/api/users,72,309,772,0.0034,1872,
2026-02-23T13:00:00,/api/orders,85,341,899,0.0021,1185,
2026-02-23T13:00:00,/api/products,50,212,538,0.0029,2217,
2026-02-23T13:00:00,/api/search,147,604,1553,0.0028,812,
2026-02-23T14:00:00,/api/users,68,291,727,0.0032,2024,
2026-02-23T14:00:00,/api/orders,73,293,773,0.0021,1215,
2026-02-23T14:00:00,/api/products,57,245,620,0.0034,2350,
2026-02-23T14:00:00,/api/search,105,431,1107,0.0013,972,
2026-02-23T15:00:00,/api/users,56,241,602,0.0019,1861,
2026-02-23T15:00:00,/api/orders,70,282,743,0.0016,1176,
2026-02-23T15:00:00,/api/products,51,220,557,0.0036,1987,
2026-02-23T15:00:00,/api/search,121,497,1278,0.0011,909,
2026-02-23T16:00:00,/api/users,65,280,699,0.001,1774,
2026-02-23T16:00:00,/api/orders,87,349,920,0.0016,981,
2026-02-23T16:00:00,/api/products,41,175,444,0.0027,2238,
2026-02-23T16:00:00,/api/search,106,436,1121,0.0023,745,
2026-02-23T17:00:00,/api/users,69,294,734,0.0014,1737,
2026-02-23T17:00:00,/api/orders,84,335,882,0.0023,1140,
2026-02-23T17:00:00,/api/products,46,196,496,0.0013,1857,
2026-02-23T17:00:00,/api/search,93,384,987,0.0035,892,
2026-02-23T18:00:00,/api/users,65,278,695,0.0034,1679,
2026-02-23T18:00:00,/api/orders,60,241,635,0.0017,1155,
2026-02-23T18:00:00,/api/products,45,193,488,0.0012,1711,
2026-02-23T18:00:00,/api/search,100,412,1059,0.0031,859,
2026-02-23T19:00:00,/api/users,38,165,411,0.0033,1316,
2026-02-23T19:00:00,/api/orders,60,240,632,0.0013,894,
2026-02-23T19:00:00,/api/products,33,141,356,0.003,1576,
2026-02-23T19:00:00,/api/search,68,280,721,0.0028,542,
2026-02-23T20:00:00,/api/users,37,159,398,0.0018,1106,
2026-02-23T20:00:00,/api/orders,48,192,506,0.0013,691,
2026-02-23T20:00:00,/api/products,31,133,336,0.0021,1283,
2026-02-23T20:00:00,/api/search,91,375,964,0.0018,576,
2026-02-23T21:00:00,/api/users,38,161,404,0.0017,1406,
2026-02-23T21:00:00,/api/orders,48,191,503,0.0026,698,
2026-02-23T21:00:00,/api/products,29,126,319,0.0035,1305,
2026-02-23T21:00:00,/api/search,100,410,1054,0.0016,575,
2026-02-23T22:00:00,/api/users,49,208,521,0.0033,1283,
2026-02-23T22:00:00,/api/orders,45,178,470,0.0016,732,
2026-02-23T22:00:00,/api/products,38,163,414,0.0031,1416,
2026-02-23T22:00:00,/api/search,94,389,999,0.003,673,
2026-02-23T23:00:00,/api/users,49,208,521,0.0022,1138,
2026-02-23T23:00:00,/api/orders,55,220,580,0.0018,690,
2026-02-23T23:00:00,/api/products,39,167,423,0.0013,1539,
2026-02-23T23:00:00,/api/search,74,305,785,0.0032,660,
2026-02-24T00:00:00,/api/users,23,99,248,0.0039,542,
2026-02-24T00:00:00,/api/orders,30,121,318,0.0013,418,
2026-02-24T00:00:00,/api/products,16,69,174,0.0017,696,
2026-02-24T00:00:00,/api/search,38,157,405,0.0026,290,
2026-02-24T01:00:00,/api/users,24,101,253,0.0011,656,
2026-02-24T01:00:00,/api/orders,25,100,264,0.0022,364,
2026-02-24T01:00:00,/api/products,17,73,185,0.0038,834,
2026-02-24T01:00:00,/api/search,48,200,513,0.0015,260,
2026-02-24T02:00:00,/api/users,17,74,185,0.0028,602,
2026-02-24T02:00:00,/api/orders,32,127,334,0.0037,350,
2026-02-24T02:00:00,/api/products,16,70,178,0.0021,711,
2026-02-24T02:00:00,/api/search,36,150,385,0.001,273,
2026-02-24T03:00:00,/api/users,20,86,215,0.0013,661,
2026-02-24T03:00:00,/api/orders,25,100,264,0.0033,425,
2026-02-24T03:00:00,/api/products,17,73,184,0.0027,846,
2026-02-24T03:00:00,/api/search,47,192,494,0.0016,278,
2026-02-24T04:00:00,/api/users,20,87,218,0.0032,556,
2026-02-24T04:00:00,/api/orders,31,123,325,0.003,384,
2026-02-24T04:00:00,/api/products,20,87,219,0.0022,750,
2026-02-24T04:00:00,/api/search,34,140,361,0.0031,266,
2026-02-24T05:00:00,/api/users,22,94,236,0.0021,574,
2026-02-24T05:00:00,/api/orders,22,88,233,0.0032,413,
2026-02-24T05:00:00,/api/products,14,60,153,0.0024,725,
2026-02-24T05:00:00,/api/search,47,195,503,0.0021,314,
2026-02-24T06:00:00,/api/users,44,187,467,0.0022,1211,
2026-02-24T06:00:00,/api/orders,52,208,548,0.0026,749,
2026-02-24T06:00:00,/api/products,36,152,386,0.001,1596,
2026-02-24T06:00:00,/api/search,77,316,812,0.0016,582,
2026-02-24T07:00:00,/api/users,35,152,379,0.0038,1415,
2026-02-24T07:00:00,/api/orders,66,264,696,0.0037,701,
2026-02-24T07:00:00,/api/products,35,151,384,0.0033,1361,
2026-02-24T07:00:00,/api/search,85,348,895,0.0017,520,
2026-02-24T08:00:00,/api/users,38,164,410,0.0012,1319,
2026-02-24T08:00:00,/api/orders,60,238,628,0.0025,697,
2026-02-24T08:00:00,/api/products,36,153,389,0.0026,1497,
2026-02-24T08:00:00,/api/search,92,378,971,0.0019,652,
2026-02-24T09:00:00,/api/users,59,251,628,0.0029,1832,
2026-02-24T09:00:00,/api/orders,78,311,819,0.0027,1184,
2026-02-24T09:00:00,/api/products,53,226,574,0.0021,2050,
2026-02-24T09:00:00,/api/search,122,504,1296,0.0018,896,
2026-02-24T10:00:00,/api/users,47,200,499,0.0017,1686,
2026-02-24T10:00:00,/api/orders,77,307,811,0.0038,1094,
2026-02-24T10:00:00,/api/products,56,241,611,0.0031,2266,
2026-02-24T10:00:00,/api/search,127,521,1341,0.0011,927,
2026-02-24T11:00:00,/api/users,72,306,766,0.0023,1540,
2026-02-24T11:00:00,/api/orders,79,317,835,0.0017,1271,
2026-02-24T11:00:00,/api/products,50,216,547,0.0011,2143,
2026-02-24T11:00:00,/api/search,222,914,2349,0.0731,864,429
2026-02-24T12:00:00,/api/users,53,226,566,0.0027,1751,
2026-02-24T12:00:00,/api/orders,79,317,836,0.0028,1251,
2026-02-24T12:00:00,/api/products,61,259,657,0.0016,2436,
2026-02-24T12:00:00,/api/search,114,471,1212,0.0022,867,
2026-02-24T13:00:00,/api/users,63,268,671,0.0014,1872,
2026-02-24T13:00:00,/api/orders,87,346,912,0.0033,1368,
2026-02-24T13:00:00,/api/products,58,250,634,0.0017,1954,
2026-02-24T13:00:00,/api/search,255,1050,2701,0.0228,830,timeout
2026-02-24T14:00:00,/api/users,53,225,564,0.0012,1909,
2026-02-24T14:00:00,/api/orders,89,354,934,0.0013,1361,
2026-02-24T14:00:00,/api/products,43,186,471,0.0017,2249,
2026-02-24T14:00:00,/api/search,137,563,1447,0.0021,818,
2026-02-24T15:00:00,/api/users,56,240,599,0.0019,1956,
2026-02-24T15:00:00,/api/orders,93,374,985,0.0034,1329,
2026-02-24T15:00:00,/api/products,59,251,635,0.0018,2417,
2026-02-24T15:00:00,/api/search,110,454,1168,0.0037,860,
2026-02-24T16:00:00,/api/users,53,229,572,0.0028,2027,
2026-02-24T16:00:00,/api/orders,81,325,857,0.0036,1050,
2026-02-24T16:00:00,/api/products,50,213,539,0.0013,1939,
2026-02-24T16:00:00,/api/search,127,521,1340,0.0028,841,
2026-02-24T17:00:00,/api/users,56,239,598,0.0026,1768,
2026-02-24T17:00:00,/api/orders,65,259,682,0.0018,942,
2026-02-24T17:00:00,/api/products,50,216,547,0.0018,2119,
2026-02-24T17:00:00,/api/search,110,455,1169,0.0039,727,
2026-02-24T18:00:00,/api/users,46,197,491,0.0017,1862,
2026-02-24T18:00:00,/api/orders,72,290,764,0.002,958,
2026-02-24T18:00:00,/api/products,39,165,419,0.0027,2038,
2026-02-24T18:00:00,/api/search,91,376,967,0.0019,730,
2026-02-24T19:00:00,/api/users,45,194,485,0.0013,1225,
2026-02-24T19:00:00,/api/orders,45,182,479,0.0033,766,
2026-02-24T19:00:00,/api/products,34,144,364,0.0036,1362,
2026-02-24T19:00:00,/api/search,73,302,776,0.0028,525,
2026-02-24T20:00:00,/api/users,40,172,430,0.0019,1213,
2026-02-24T20:00:00,/api/orders,59,235,620,0.0026,791,
2026-02-24T20:00:00,/api/products,37,160,405,0.001,1504,
2026-02-24T20:00:00,/api/search,80,328,844,0.0014,655,
2026-02-24T21:00:00,/api/users,41,176,440,0.0023,1164,
2026-02-24T21:00:00,/api/orders,45,180,475,0.0015,778,
2026-02-24T21:00:00,/api/products,33,141,357,0.0025,1634,
2026-02-24T21:00:00,/api/search,73,301,773,0.0037,634,
2026-02-24T22:00:00,/api/users,37,157,391,0.0037,1393,
2026-02-24T22:00:00,/api/orders,60,238,628,0.004,766,
2026-02-24T22:00:00,/api/products,40,172,435,0.0021,1633,
2026-02-24T22:00:00,/api/search,81,332,853,0.0033,578,
2026-02-24T23:00:00,/api/users,48,205,513,0.0033,1431,
2026-02-24T23:00:00,/api/orders,52,210,552,0.0015,712,
2026-02-24T23:00:00,/api/products,34,148,375,0.0036,1472,
2026-02-24T23:00:00,/api/search,72,297,764,0.0026,510,
2026-02-25T00:00:00,/api/users,17,74,185,0.002,680,
2026-02-25T00:00:00,/api/orders,24,95,251,0.0015,367,
2026-02-25T00:00:00,/api/products,18,76,192,0.0018,690,
2026-02-25T00:00:00,/api/search,42,171,439,0.0011,340,
2026-02-25T01:00:00,/api/users,21,90,225,0.0029,623,
2026-02-25T01:00:00,/api/orders,25,99,260,0.0016,376,
2026-02-25T01:00:00,/api/products,18,79,201,0.0014,727,
2026-02-25T01:00:00,/api/search,37,154,396,0.0031,338,
2026-02-25T02:00:00,/api/users,20,84,209,0.0025,616,
2026-02-25T02:00:00,/api/orders,22,89,235,0.0014,437,
2026-02-25T02:00:00,/api/products,15,63,159,0.0039,821,
2026-02-25T02:00:00,/api/search,36,148,380,0.0026,334,
2026-02-25T03:00:00,/api/users,18,77,192,0.0031,652,
2026-02-25T03:00:00,/api/orders,30,120,316,0.0036,403,
2026-02-25T03:00:00,/api/products,14,62,156,0.0023,708,
2026-02-25T03:00:00,/api/search,42,172,442,0.002,270,
2026-02-25T04:00:00,/api/users,22,93,231,0.0026,610,
2026-02-25T04:00:00,/api/orders,24,96,253,0.0027,382,
2026-02-25T04:00:00,/api/products,16,70,178,0.002,762,
2026-02-25T04:00:00,/api/search,48,198,510,0.0039,312,
2026-02-25T05:00:00,/api/users,19,83,207,0.0034,614,
2026-02-25T05:00:00,/api/orders,28,113,298,0.0012,394,
2026-02-25T05:00:00,/api/products,20,86,217,0.0026,830,
2026-02-25T05:00:00,/api/search,38,158,407,0.0023,261,
2026-02-25T06:00:00,/api/users,46,197,493,0.0026,1197,
2026-02-25T06:00:00,/api/orders,47,189,498,0.0019,785,
2026-02-25T06:00:00,/api/products,32,136,345,0.0021,1690,
2026-02-25T06:00:00,/api/search,91,373,960,0.001,680,
2026-02-25T07:00:00,/api/users,34,146,366,0.0015,1301,
2026-02-25T07:00:00,/api/orders,51,205,540,0.0037,805,
2026-02-25T07:00:00,/api/products,32,136,344,0.0017,1683,
2026-02-25T07:00:00,/api/search,86,355,913,0.0026,539,
2026-02-25T08:00:00,/api/users,43,186,464,0.0032,1401,
2026-02-25T08:00:00,/api/orders,48,192,506,0.0034,858,
2026-02-25T08:00:00,/api/products,38,164,416,0.0025,1559,
2026-02-25T08:00:00,/api/search,91,376,967,0.0034,629,
2026-02-25T09:00:00,/api/users,53,228,571,0.0031,1705,
2026-02-25T09:00:00,/api/orders,65,259,682,0.0018,1155,
2026-02-25T09:00:00,/api/products,40,173,438,0.0011,1973,
2026-02-25T09:00:00,/api/search,94,389,1000,0.0031,702,
2026-02-25T10:00:00,/api/users,140,600,1501,0.0321,1853,429
2026-02-25T10:00:00,/api/orders,88,353,931,0.0018,996,
2026-02-25T10:00:00,/api/products,53,227,574,0.0021,1819,
2026-02-25T10:00:00,/api/search,93,384,989,0.0038,845,
2026-02-25T11:00:00,/api/users,54,231,577,0.0035,1523,
2026-02-25T11:00:00,/api/orders,80,319,842,0.003,1181,
2026-02-25T11:00:00,/api/products,50,214,542,0.0029,2373,
2026-02-25T11:00:00,/api/search,103,424,1091,0.0014,770,
2026-02-25T12:00:00,/api/users,63,271,678,0.0023,1958,
2026-02-25T12:00:00,/api/orders,88,354,932,0.0016,1340,
2026-02-25T12:00:00,/api/products,60,257,650,0.0019,1884,
2026-02-25T12:00:00,/api/search,111,455,1170,0.0039,933,
2026-02-25T13:00:00,/api/users,60,255,638,0.0014,1988,
2026-02-25T13:00:00,/api/orders,78,310,818,0.002,1324,
2026-02-25T13:00:00,/api/products,93,397,1006,0.0177,2555,timeout
2026-02-25T13:00:00,/api/search,131,539,1386,0.0037,1023,
2026-02-25T14:00:00,/api/users,58,250,624,0.0033,1913,
2026-02-25T14:00:00,/api/orders,68,272,718,0.0028,1033,
2026-02-25T14:00:00,/api/products,54,230,582,0.004,2234,
2026-02-25T14:00:00,/api/search,102,421,1081,0.0016,990,
2026-02-25T15:00:00,/api/users,50,216,540,0.0012,1975,
2026-02-25T15:00:00,/api/orders,81,324,853,0.0027,1009,
2026-02-25T15:00:00,/api/products,56,240,609,0.0015,1975,
2026-02-25T15:00:00,/api/search,140,576,1481,0.0033,777,
2026-02-25T16:00:00,/api/users,51,221,552,0.002,1658,
2026-02-25T16:00:00,/api/orders,74,296,781,0.0019,1171,
2026-02-25T16:00:00,/api/products,54,233,591,0.0016,2150,
2026-02-25T16:00:00,/api/search,140,576,1481,0.0037,954,
2026-02-25T17:00:00,/api/users,64,272,680,0.0019,1879,
2026-02-25T17:00:00,/api/orders,77,308,813,0.0017,1235,
2026-02-25T17:00:00,/api/products,43,183,463,0.0021,1924,
2026-02-25T17:00:00,/api/search,138,568,1461,0.0023,835,
2026-02-25T18:00:00,/api/users,54,232,581,0.0028,1805,
2026-02-25T18:00:00,/api/orders,73,291,768,0.002,1186,
2026-02-25T18:00:00,/api/products,52,222,563,0.0016,1924,
2026-02-25T18:00:00,/api/search,123,508,1305,0.0013,799,
2026-02-25T19:00:00,/api/users,36,154,385,0.002,1152,
2026-02-25T19:00:00,/api/orders,44,177,466,0.0039,873,
2026-02-25T19:00:00,/api/products,32,136,344,0.0038,1677,
2026-02-25T19:00:00,/api/search,79,325,835,0.0031,538,
2026-02-25T20:00:00,/api/users,49,210,525,0.0027,1214,
2026-02-25T20:00:00,/api/orders,45,179,473,0.0024,745,
2026-02-25T20:00:00,/api/products,29,126,319,0.0034,1600,
2026-02-25T20:00:00,/api/search,90,372,958,0.002,584,
2026-02-25T21:00:00,/api/users,45,194,484,0.004,1121,
2026-02-25T21:00:00,/api/orders,61,243,642,0.0037,829,
2026-02-25T21:00:00,/api/products,28,121,308,0.0036,1315,
2026-02-25T21:00:00,/api/search,71,292,750,0.0014,601,
2026-02-25T22:00:00,/api/users,43,186,466,0.0013,1099,
2026-02-25T22:00:00,/api/orders,56,223,589,0.0019,739,
2026-02-25T22:00:00,/api/products,34,146,369,0.0037,1350,
2026-02-25T22:00:00,/api/search,100,414,1064,0.0029,687,
2026-02-25T23:00:00,/api/users,43,184,461,0.0036,1232,
2026-02-25T23:00:00,/api/orders,46,184,485,0.004,887,
2026-02-25T23:00:00,/api/products,32,137,348,0.0016,1357,
2026-02-25T23:00:00,/api/search,98,404,1038,0.0032,607,
2026-02-26T00:00:00,/api/users,21,91,228,0.0013,549,
2026-02-26T00:00:00,/api/orders,26,103,271,0.0027,428,
2026-02-26T00:00:00,/api/products,16,68,171,0.0027,800,
2026-02-26T00:00:00,/api/search,44,181,465,0.0022,268,
2026-02-26T01:00:00,/api/users,19,79,199,0.0029,672,
2026-02-26T01:00:00,/api/orders,26,106,279,0.0026,354,
2026-02-26T01:00:00,/api/products,14,61,155,0.0025,698,
2026-02-26T01:00:00,/api/search,38,156,401,0.0035,317,
2026-02-26T02:00:00,/api/users,25,106,264,0.0018,664,
2026-02-26T02:00:00,/api/orders,24,97,255,0.0015,459,
2026-02-26T02:00:00,/api/products,21,90,228,0.0027,852,
2026-02-26T02:00:00,/api/search,38,158,405,0.0011,271,
2026-02-26T03:00:00,/api/users,17,73,182,0.0037,710,
2026-02-26T03:00:00,/api/orders,29,116,306,0.0016,356,
2026-02-26T03:00:00,/api/products,19,82,208,0.0027,814,
2026-02-26T03:00:00,/api/search,47,195,500,0.0024,294,
2026-02-26T04:00:00,/api/users,19,80,200,0.0023,700,
2026-02-26T04:00:00,/api/orders,32,129,341,0.0021,375,
2026-02-26T04:00:00,/api/products,16,67,171,0.0035,761,
2026-02-26T04:00:00,/api/search,49,203,523,0.0023,325,
2026-02-26T05:00:00,/api/users,17,74,185,0.0028,679,
2026-02-26T05:00:00,/api/orders,25,99,261,0.0022,421,
2026-02-26T05:00:00,/api/products,17,73,186,0.004,835,
2026-02-26T05:00:00,/api/search,35,142,365,0.0026,323,
2026-02-26T06:00:00,/api/users,43,186,464,0.0036,1279,
2026-02-26T06:00:00,/api/orders,51,202,533,0.0025,723,
2026-02-26T06:00:00,/api/products,37,159,403,0.003,1293,
2026-02-26T06:00:00,/api/search,74,305,784,0.0016,561,
2026-02-26T07:00:00,/api/users,46,197,492,0.001,1424,
2026-02-26T07:00:00,/api/orders,62,247,650,0.0015,902,
2026-02-26T07:00:00,/api/products,37,159,402,0.0019,1449,
2026-02-26T07:00:00,/api/search,88,362,930,0.0015,520,
2026-02-26T08:00:00,/api/users,47,203,507,0.0033,1413,
2026-02-26T08:00:00,/api/orders,60,241,635,0.0031,734,
2026-02-26T08:00:00,/api/products,29,122,310,0.0023,1660,
2026-02-26T08:00:00,/api/search,90,372,956,0.0021,617,
2026-02-26T09:00:00,/api/users,53,227,567,0.001,1789,
2026-02-26T09:00:00,/api/orders,68,272,717,0.0037,887,
2026-02-26T09:00:00,/api/products,54,232,588,0.0021,1981,
2026-02-26T09:00:00,/api/search,103,424,1091,0.0035,672,
2026-02-26T10:00:00,/api/users,66,283,708,0.0019,1749,
2026-02-26T10:00:00,/api/orders,83,334,880,0.0033,1146,
2026-02-26T10:00:00,/api/products,55,234,593,0.0026,1955,
2026-02-26T10:00:00,/api/search,121,499,1284,0.0012,795,
2026-02-26T11:00:00,/api/users,66,282,705,0.0028,1558,
2026-02-26T11:00:00,/api/orders,87,349,919,0.0012,1005,
2026-02-26T11:00:00,/api/products,43,186,471,0.0035,2048,
2026-02-26T11:00:00,/api/search,113,467,1200,0.0034,834,
2026-02-26T12:00:00,/api/users,52,221,553,0.0017,1613,
2026-02-26T12:00:00,/api/orders,75,300,790,0.002,1323,
2026-02-26T12:00:00,/api/products,51,217,551,0.0028,2272,
2026-02-26T12:00:00,/api/search,147,605,1556,0.0025,956,
2026-02-26T13:00:00,/api/users,54,232,579,0.0032,2096,
2026-02-26T13:00:00,/api/orders,79,317,836,0.0028,1206,
2026-02-26T13:00:00,/api/products,47,201,508,0.0025,2562,
2026-02-26T13:00:00,/api/search,145,598,1538,0.0027,969,
2026-02-26T14:00:00,/api/users,68,292,730,0.0026,1839,
2026-02-26T14:00:00,/api/orders,76,305,805,0.003,1141,
2026-02-26T14:00:00,/api/products,58,250,634,0.0031,1966,
2026-02-26T14:00:00,/api/search,147,606,1559,0.0018,917,
2026-02-26T15:00:00,/api/users,67,289,722,0.0021,1806,
2026-02-26T15:00:00,/api/orders,80,321,847,0.0027,1348,
2026-02-26T15:00:00,/api/products,45,192,486,0.0013,2520,
2026-02-26T15:00:00,/api/search,101,416,1068,0.0018,792,
2026-02-26T16:00:00,/api/users,49,210,524,0.0022,1666,
2026-02-26T16:00:00,/api/orders,71,285,752,0.0023,1224,
2026-02-26T16:00:00,/api/products,55,234,594,0.0029,2360,
2026-02-26T16:00:00,/api/search,119,492,1264,0.0013,754,
2026-02-26T17:00:00,/api/users,54,234,584,0.0016,1743,
2026-02-26T17:00:00,/api/orders,75,299,787,0.001,988,
2026-02-26T17:00:00,/api/products,51,217,551,0.0024,1932,
2026-02-26T17:00:00,/api/search,124,513,1318,0.0037,741,
2026-02-26T18:00:00,/api/users,51,218,544,0.0012,1504,
2026-02-26T18:00:00,/api/orders,85,339,893,0.0025,894,
2026-02-26T18:00:00,/api/products,53,227,575,0.0031,2016,
2026-02-26T18:00:00,/api/search,89,367,945,0.0016,690,
2026-02-26T19:00:00,/api/users,41,174,434,0.0019,1393,
2026-02-26T19:00:00,/api/orders,52,207,545,0.0019,875,
2026-02-26T19:00:00,/api/products,31,133,338,0.0028,1691,
2026-02-26T19:00:00,/api/search,86,353,907,0.0024,513,
2026-02-26T20:00:00,/api/users,42,180,450,0.0017,1158,
2026-02-26T20:00:00,/api/orders,59,234,618,0.0014,871,
2026-02-26T20:00:00,/api/products,37,160,406,0.0012,1352,
2026-02-26T20:00:00,/api/search,92,377,969,0.0016,583,
2026-02-26T21:00:00,/api/users,38,162,405,0.0028,1385,
2026-02-26T21:00:00,/api/orders,59,238,627,0.0013,867,
2026-02-26T21:00:00,/api/products,32,138,350,0.0025,1505,
2026-02-26T21:00:00,/api/search,90,369,948,0.0016,539,
2026-02-26T22:00:00,/api/users,46,196,490,0.0032,1204,
2026-02-26T22:00:00,/api/orders,57,227,599,0.0027,798,
2026-02-26T22:00:00,/api/products,35,151,383,0.0022,1472,
2026-02-26T22:00:00,/api/search,76,315,809,0.0018,645,
2026-02-26T23:00:00,/api/users,34,147,366,0.0027,1269,
2026-02-26T23:00:00,/api/orders,58,231,609,0.0032,772,
2026-02-26T23:00:00,/api/products,38,162,409,0.0034,1324,
2026-02-26T23:00:00,/api/search,70,286,737,0.0034,627,
2026-02-27T00:00:00,/api/users,17,72,181,0.0029,648,
2026-02-27T00:00:00,/api/orders,28,111,292,0.004,419,
2026-02-27T00:00:00,/api/products,18,78,199,0.0011,805,
2026-02-27T00:00:00,/api/search,51,209,537,0.0032,310,
2026-02-27T01:00:00,/api/users,19,80,201,0.0019,716,
2026-02-27T01:00:00,/api/orders,22,88,232,0.0023,362,
2026-02-27T01:00:00,/api/products,15,65,165,0.0033,668,
2026-02-27T01:00:00,/api/search,47,193,496,0.0027,327,
2026-02-27T02:00:00,/api/users,22,93,234,0.003,670,
2026-02-27T02:00:00,/api/orders,23,92,242,0.0036,439,
2026-02-27T02:00:00,/api/products,18,76,193,0.0038,827,
2026-02-27T02:00:00,/api/search,38,156,402,0.0017,337,
2026-02-27T03:00:00,/api/users,19,79,198,0.0014,636,
2026-02-27T03:00:00,/api/orders,28,113,298,0.0032,366,
2026-02-27T03:00:00,/api/products,16,69,175,0.0028,796,
2026-02-27T03:00:00,/api/search,45,187,480,0.0022,279,
2026-02-27T04:00:00,/api/users,17,73,183,0.0032,598,
2026-02-27T04:00:00,/api/orders,24,97,257,0.0029,385,
2026-02-27T04:00:00,/api/products,15,63,161,0.0014,795,
2026-02-27T04:00:00,/api/search,44,179,461,0.0012,290,
2026-02-27T05:00:00,/api/users,24,104,261,0.0035,583,
2026-02-27T05:00:00,/api/orders,25,98,259,0.0033,452,
2026-02-27T05:00:00,/api/products,16,67,171,0.0022,660,
2026-02-27T05:00:00,/api/search,45,186,479,0.0025,282,
2026-02-27T06:00:00,/api/users,39,168,420,0.0024,1384,
2026-02-27T06:00:00,/api/orders,60,239,631,0.0011,762,
2026-02-27T06:00:00,/api/products,38,162,410,0.0019,1659,
2026-02-27T06:00:00,/api/search,89,364,937,0.0023,609,
2026-02-27T07:00:00,/api/users,43,186,465,0.002,1304,
2026-02-27T07:00:00,/api/orders,50,200,528,0.0021,887,
2026-02-27T07:00:00,/api/products,29,123,313,0.0032,1608,
2026-02-27T07:00:00,/api/search,99,406,1043,0.0029,590,
2026-02-27T08:00:00,/api/users,36,152,381,0.0034,1290,
2026-02-27T08:00:00,/api/orders,61,244,643,0.0031,785,
2026-02-27T08:00:00,/api/products,34,145,367,0.0013,1541,
2026-02-27T08:00:00,/api/search,76,313,806,0.0011,540,
2026-02-27T09:00:00,/api/users,59,251,628,0.0038,1704,
2026-02-27T09:00:00,/api/orders,110,440,1161,0.0182,1175,timeout
2026-02-27T09:00:00,/api/products,54,233,590,0.0012,2063,
2026-02-27T09:00:00,/api/search,94,389,1000,0.001,874,
2026-02-27T10:00:00,/api/users,52,222,554,0.0031,1492,
2026-02-27T10:00:00,/api/orders,72,287,757,0.0028,1105,
2026-02-27T10:00:00,/api/products,49,211,535,0.0024,1831,
2026-02-27T10:00:00,/api/search,108,444,1143,0.0037,941,
2026-02-27T11:00:00,/api/users,60,258,645,0.003,1909,
2026-02-27T11:00:00,/api/orders,87,348,918,0.0013,1177,
2026-02-27T11:00:00,/api/products,53,227,574,0.0039,1829,
2026-02-27T11:00:00,/api/search,276,1136,2922,0.0275,876,network
2026-02-27T12:00:00,/api/users,63,269,673,0.0021,2076,
2026-02-27T12:00:00,/api/orders,77,309,816,0.0027,1139,
2026-02-27T12:00:00,/api/products,56,241,611,0.0033,2228,
2026-02-27T12:00:00,/api/search,133,549,1413,0.0028,819,
2026-02-27T13:00:00,/api/users,55,235,587,0.0037,1656,
2026-02-27T13:00:00,/api/orders,79,315,832,0.0017,1338,
2026-02-27T13:00:00,/api/products,53,227,576,0.0014,2502,
2026-02-27T13:00:00,/api/search,146,600,1543,0.0036,766,
2026-02-27T14:00:00,/api/users,62,264,661,0.003,2005,
2026-02-27T14:00:00,/api/orders,77,308,811,0.0038,1343,
2026-02-27T14:00:00,/api/products,83,354,896,0.0609,2462,429
2026-02-27T14:00:00,/api/search,102,421,1083,0.0012,885,
2026-02-27T15:00:00,/api/users,59,252,630,0.0027,2034,
2026-02-27T15:00:00,/api/orders,67,268,707,0.0012,1152,
2026-02-27T15:00:00,/api/products,46,197,498,0.0035,1982,
2026-02-27T15:00:00,/api/search,134,551,1418,0.0035,886,
2026-02-27T16:00:00,/api/users,53,229,573,0.0029,1820,
2026-02-27T16:00:00,/api/orders,74,295,779,0.0023,1084,
2026-02-27T16:00:00,/api/products,41,176,445,0.0023,2323,
2026-02-27T16:00:00,/api/search,102,421,1083,0.0038,978,
2026-02-27T17:00:00,/api/users,60,255,639,0.0025,1741,
2026-02-27T17:00:00,/api/orders,80,322,848,0.004,1134,
2026-02-27T17:00:00,/api/products,54,231,585,0.0017,1926,
2026-02-27T17:00:00,/api/search,126,519,1335,0.0024,789,
2026-02-27T18:00:00,/api/users,55,236,589,0.0039,1774,
2026-02-27T18:00:00,/api/orders,67,267,704,0.0025,906,
2026-02-27T18:00:00,/api/products,37,159,403,0.0033,1965,
2026-02-27T18:00:00,/api/search,93,385,990,0.0025,774,
2026-02-27T19:00:00,/api/users,38,161,403,0.0025,1220,
2026-02-27T19:00:00,/api/orders,56,224,592,0.0022,919,
2026-02-27T19:00:00,/api/products,30,129,326,0.0024,1602,
2026-02-27T19:00:00,/api/search,68,282,725,0.0011,658,
2026-02-27T20:00:00,/api/users,34,147,367,0.0015,1110,
2026-02-27T20:00:00,/api/orders,66,263,693,0.003,683,
2026-02-27T20:00:00,/api/products,40,173,439,0.0027,1590,
2026-02-27T20:00:00,/api/search,99,406,1044,0.0011,669,
2026-02-27T21:00:00,/api/users,38,162,405,0.0013,1386,
2026-02-27T21:00:00,/api/orders,56,222,586,0.0012,724,
2026-02-27T21:00:00,/api/products,29,126,319,0.0038,1392,
2026-02-27T21:00:00,/api/search,74,304,781,0.0017,609,
2026-02-27T22:00:00,/api/users,47,202,505,0.0026,1351,
2026-02-27T22:00:00,/api/orders,66,263,695,0.0033,726,
2026-02-27T22:00:00,/api/products,34,148,374,0.0018,1428,
2026-02-27T22:00:00,/api/search,74,305,784,0.0027,611,
2026-02-27T23:00:00,/api/users,34,148,369,0.0031,1315,
2026-02-27T23:00:00,/api/orders,45,180,474,0.0026,708,
2026-02-27T23:00:00,/api/products,30,129,328,0.0025,1661,
2026-02-27T23:00:00,/api/search,79,326,839,0.0022,583,
2026-02-28T00:00:00,/api/users,22,93,233,0.0013,567,
2026-02-28T00:00:00,/api/orders,25,100,264,0.0024,403,
2026-02-28T00:00:00,/api/products,21,89,226,0.0034,770,
2026-02-28T00:00:00,/api/search,49,203,521,0.0013,291,
2026-02-28T01:00:00,/api/users,21,89,221,0.0022,537,
2026-02-28T01:00:00,/api/orders,29,117,309,0.0018,367,
2026-02-28T01:00:00,/api/products,21,88,224,0.0012,646,
2026-02-28T01:00:00,/api/search,47,194,499,0.004,337,
2026-02-28T02:00:00,/api/users,17,73,182,0.0032,706,
2026-02-28T02:00:00,/api/orders,22,88,233,0.0021,375,
2026-02-28T02:00:00,/api/products,15,66,168,0.0019,654,
2026-02-28T02:00:00,/api/search,44,180,463,0.0031,333,
2026-02-28T03:00:00,/api/users,19,83,209,0.0028,622,
2026-02-28T03:00:00,/api/orders,25,100,264,0.004,349,
2026-02-28T03:00:00,/api/products,19,83,211,0.0019,680,
2026-02-28T03:00:00,/api/search,40,164,422,0.0014,286,
2026-02-28T04:00:00,/api/users,22,96,240,0.0016,705,
2026-02-28T04:00:00,/api/orders,28,112,295,0.0032,429,
2026-02-28T04:00:00,/api/products,18,77,196,0.0016,799,
2026-02-28T04:00:00,/api/search,50,207,532,0.0026,313,
2026-02-28T05:00:00,/api/users,23,100,251,0.0025,682,
2026-02-28T05:00:00,/api/orders,33,132,347,0.0039,369,
2026-02-28T05:00:00,/api/products,19,81,206,0.0021,812,
2026-02-28T05:00:00,/api/search,35,143,368,0.0031,341,
2026-02-28T06:00:00,/api/users,49,209,523,0.0023,1413,
2026-02-28T06:00:00,/api/orders,63,252,664,0.0032,757,
2026-02-28T06:00:00,/api/products,29,124,313,0.0019,1451,
2026-02-28T06:00:00,/api/search,77,318,819,0.0031,687,
2026-02-28T07:00:00,/api/users,43,184,460,0.002,1408,
2026-02-28T07:00:00,/api/orders,54,216,568,0.0011,688,
2026-02-28T07:00:00,/api/products,41,178,450,0.0015,1658,
2026-02-28T07:00:00,/api/search,77,319,820,0.001,572,
2026-02-28T08:00:00,/api/users,36,153,382,0.0014,1203,
2026-02-28T08:00:00,/api/orders,53,212,558,0.0038,726,
2026-02-28T08:00:00,/api/products,36,153,387,0.0022,1506,
2026-02-28T08:00:00,/api/search,93,383,986,0.0036,516,
2026-02-28T09:00:00,/api/users,54,230,575,0.0019,1831,
2026-02-28T09:00:00,/api/orders,60,239,630,0.0011,1189,
2026-02-28T09:00:00,/api/products,38,162,411,0.0024,1870,
2026-02-28T09:00:00,/api/search,236,973,2501,0.0363,728,500
2026-02-28T10:00:00,/api/users,46,199,498,0.0031,1490,
2026-02-28T10:00:00,/api/orders,64,257,678,0.0039,1087,
2026-02-28T10:00:00,/api/products,45,191,484,0.0018,2200,
2026-02-28T10:00:00,/api/search,113,466,1197,0.0029,752,
2026-02-28T11:00:00,/api/users,61,261,652,0.0035,1588,
2026-02-28T11:00:00,/api/orders,68,272,718,0.0016,1119,
2026-02-28T11:00:00,/api/products,48,205,520,0.0022,2177,
2026-02-28T11:00:00,/api/search,104,430,1106,0.0022,814,
2026-02-28T12:00:00,/api/users,55,237,591,0.0015,1794,
2026-02-28T12:00:00,/api/orders,93,374,986,0.0011,1323,
2026-02-28T12:00:00,/api/products,46,196,497,0.0038,2080,
2026-02-28T12:00:00,/api/search,142,586,1507,0.0029,948,
2026-02-28T13:00:00,/api/users,66,282,705,0.004,1981,
2026-02-28T13:00:00,/api/orders,71,284,749,0.0028,1123,
2026-02-28T13:00:00,/api/products,54,231,585,0.0038,2246,
2026-02-28T13:00:00,/api/search,138,570,1466,0.002,809,
2026-02-28T14:00:00,/api/users,60,258,646,0.0018,2151,
2026-02-28T14:00:00,/api/orders,70,278,734,0.0023,1083,
2026-02-28T14:00:00,/api/products,54,232,589,0.0031,2184,
2026-02-28T14:00:00,/api/search,133,549,1413,0.0013,1010,
2026-02-28T15:00:00,/api/users,72,307,769,0.0019,1969,
2026-02-28T15:00:00,/api/orders,87,350,922,0.0022,1337,
2026-02-28T15:00:00,/api/products,47,200,506,0.0036,2250,
2026-02-28T15:00:00,/api/search,128,528,1357,0.0029,760,
2026-02-28T16:00:00,/api/users,60,257,643,0.0013,1551,
2026-02-28T16:00:00,/api/orders,269,1074,2832,0.0143,1031,timeout
2026-02-28T16:00:00,/api/products,60,257,650,0.0012,1829,
2026-02-28T16:00:00,/api/search,129,533,1369,0.0013,887,
2026-02-28T17:00:00,/api/users,63,270,674,0.0015,1580,
2026-02-28T17:00:00,/api/orders,81,324,855,0.0035,1103,
2026-02-28T17:00:00,/api/products,41,176,446,0.0038,2189,
2026-02-28T17:00:00,/api/search,116,476,1224,0.0013,857,
2026-02-28T18:00:00,/api/users,61,262,656,0.0011,1473,
2026-02-28T18:00:00,/api/orders,60,240,632,0.0026,950,
2026-02-28T18:00:00,/api/products,50,214,543,0.0016,1904,
2026-02-28T18:00:00,/api/search,131,538,1382,0.0013,684,
2026-02-28T19:00:00,/api/users,41,177,443,0.0017,1365,
2026-02-28T19:00:00,/api/orders,59,237,626,0.0033,836,
2026-02-28T19:00:00,/api/products,42,179,454,0.0036,1645,
2026-02-28T19:00:00,/api/search,77,316,813,0.0027,605,
2026-02-28T20:00:00,/api/users,41,174,436,0.0035,1303,
2026-02-28T20:00:00,/api/orders,50,202,532,0.0035,718,
2026-02-28T20:00:00,/api/products,37,157,398,0.0013,1647,
2026-02-28T20:00:00,/api/search,82,339,872,0.0033,603,
2026-02-28T21:00:00,/api/users,36,155,386,0.0037,1342,
2026-02-28T21:00:00,/api/orders,54,217,572,0.0033,718,
2026-02-28T21:00:00,/api/products,36,156,396,0.0016,1365,
2026-02-28T21:00:00,/api/search,88,361,928,0.0033,632,
2026-02-28T22:00:00,/api/users,41,177,442,0.0027,1246,
2026-02-28T22:00:00,/api/orders,47,190,501,0.003,760,
2026-02-28T22:00:00,/api/products,38,161,409,0.002,1377,
2026-02-28T22:00:00,/api/search,101,415,1067,0.0015,513,
2026-02-28T23:00:00,/api/users,48,206,514,0.0034,1321,
2026-02-28T23:00:00,/api/orders,52,208,548,0.0024,887,
2026-02-28T23:00:00,/api/products,33,141,356,0.0013,1626,
2026-02-28T23:00:00,/api/search,96,395,1014,0.0028,583,
2026-03-01T00:00:00,/api/users,21,91,227,0.0036,601,
2026-03-01T00:00:00,/api/orders,23,94,247,0.0031,419,
2026-03-01T00:00:00,/api/products,15,63,160,0.0023,643,
2026-03-01T00:00:00,/api/search,48,199,511,0.0032,325,
2026-03-01T01:00:00,/api/users,21,91,228,0.003,673,
2026-03-01T01:00:00,/api/orders,27,109,287,0.0034,352,
2026-03-01T01:00:00,/api/products,21,89,226,0.0036,799,
2026-03-01T01:00:00,/api/search,46,191,491,0.0026,278,
2026-03-01T02:00:00,/api/users,25,106,264,0.0035,636,
2026-03-01T02:00:00,/api/orders,32,129,339,0.0026,379,
2026-03-01T02:00:00,/api/products,21,88,224,0.004,735,
2026-03-01T02:00:00,/api/search,36,150,385,0.0034,292,
2026-03-01T03:00:00,/api/users,20,86,214,0.0019,547,
2026-03-01T03:00:00,/api/orders,32,127,336,0.0015,425,
2026-03-01T03:00:00,/api/products,20,84,213,0.0032,683,
2026-03-01T03:00:00,/api/search,46,189,485,0.0039,336,
2026-03-01T04:00:00,/api/users,17,74,186,0.003,690,
2026-03-01T04:00:00,/api/orders,30,118,312,0.0037,353,
2026-03-01T04:00:00,/api/products,17,73,185,0.0021,811,
2026-03-01T04:00:00,/api/search,37,152,390,0.0022,318,
2026-03-01T05:00:00,/api/users,19,80,200,0.0028,638,
2026-03-01T05:00:00,/api/orders,23,92,242,0.0035,413,
2026-03-01T05:00:00,/api/products,18,77,195,0.0012,638,
2026-03-01T05:00:00,/api/search,47,192,495,0.0028,269,
2026-03-01T06:00:00,/api/users,47,200,499,0.0035,1174,
2026-03-01T06:00:00,/api/orders,47,187,493,0.0032,706,
2026-03-01T06:00:00,/api/products,31,135,341,0.0026,1455,
2026-03-01T06:00:00,/api/search,70,288,740,0.0017,589,
2026-03-01T07:00:00,/api/users,38,162,405,0.0034,1100,
2026-03-01T07:00:00,/api/orders,59,236,621,0.0019,843,
2026-03-01T07:00:00,/api/products,39,165,419,0.0011,1363,
2026-03-01T07:00:00,/api/search,84,347,891,0.0028,609,
2026-03-01T08:00:00,/api/users,39,168,421,0.002,1091,
2026-03-01T08:00:00,/api/orders,53,213,563,0.001,701,
2026-03-01T08:00:00,/api/products,41,178,450,0.0023,1469,
2026-03-01T08:00:00,/api/search,87,359,924,0.0037,587,
2026-03-01T09:00:00,/api/users,64,276,690,0.0035,1709,
2026-03-01T09:00:00,/api/orders,62,247,650,0.0027,1022,
2026-03-01T09:00:00,/api/products,43,185,469,0.0036,2083,
2026-03-01T09:00:00,/api/search,89,367,943,0.004,755,
2026-03-01T10:00:00,/api/users,46,199,496,0.0029,1873,
2026-03-01T10:00:00,/api/orders,85,340,897,0.0013,1129,
2026-03-01T10:00:00,/api/products,46,196,497,0.0029,1773,
2026-03-01T10:00:00,/api/search,96,394,1014,0.0037,900,
2026-03-01T11:00:00,/api/users,49,208,520,0.0026,2000,
2026-03-01T11:00:00,/api/orders,81,322,850,0.0022,1188,
2026-03-01T11:00:00,/api/products,43,184,467,0.0014,2192,
2026-03-01T11:00:00,/api/search,111,457,1174,0.0017,784,
2026-03-01T12:00:00,/api/users,53,228,569,0.0017,1667,
2026-03-01T12:00:00,/api/orders,79,316,832,0.0027,1123,
2026-03-01T12:00:00,/api/products,62,264,669,0.0011,1999,
2026-03-01T12:00:00,/api/search,129,529,1361,0.0019,906,
2026-03-01T13:00:00,/api/users,52,224,560,0.002,1885,
2026-03-01T13:00:00,/api/orders,98,392,1035,0.0022,1335,
2026-03-01T13:00:00,/api/products,62,264,668,0.0026,2372,
2026-03-01T13:00:00,/api/search,125,513,1320,0.0018,883,
2026-03-01T14:00:00,/api/users,51,218,544,0.0037,2000,
2026-03-01T14:00:00,/api/orders,95,381,1005,0.0033,1074,
2026-03-01T14:00:00,/api/products,55,238,602,0.0033,2523,
2026-03-01T14:00:00,/api/search,102,420,1079,0.0036,984,
2026-03-01T15:00:00,/api/users,50,214,536,0.0029,1622,
2026-03-01T15:00:00,/api/orders,70,279,735,0.0025,1313,
2026-03-01T15:00:00,/api/products,43,185,470,0.0019,2321,
2026-03-01T15:00:00,/api/search,150,618,1590,0.0039,976,
2026-03-01T16:00:00,/api/users,64,275,689,0.0016,2026,
2026-03-01T16:00:00,/api/orders,93,371,978,0.0023,1046,
2026-03-01T16:00:00,/api/products,49,211,535,0.0035,2036,
2026-03-01T16:00:00,/api/search,98,402,1033,0.0013,960,
2026-03-01T17:00:00,/api/users,51,219,548,0.0036,1828,
2026-03-01T17:00:00,/api/orders,158,631,1662,0.033,1128,429
2026-03-01T17:00:00,/api/products,47,203,515,0.0011,1802,
2026-03-01T17:00:00,/api/search,119,490,1260,0.0039,700,
2026-03-01T18:00:00,/api/users,57,245,613,0.0038,1811,
2026-03-01T18:00:00,/api/orders,60,241,635,0.0026,1069,
2026-03-01T18:00:00,/api/products,48,207,524,0.0034,1658,
2026-03-01T18:00:00,/api/search,110,452,1162,0.0025,762,
2026-03-01T19:00:00,/api/users,37,159,397,0.0039,1335,
2026-03-01T19:00:00,/api/orders,46,185,489,0.0013,768,
2026-03-01T19:00:00,/api/products,32,137,347,0.0035,1679,
2026-03-01T19:00:00,/api/search,85,350,899,0.0022,515,
2026-03-01T20:00:00,/api/users,36,155,388,0.001,1225,
2026-03-01T20:00:00,/api/orders,58,233,614,0.0027,905,
2026-03-01T20:00:00,/api/products,36,153,388,0.0015,1436,
2026-03-01T20:00:00,/api/search,98,404,1040,0.0016,526,
2026-03-01T21:00:00,/api/users,34,146,364,0.003,1342,
2026-03-01T21:00:00,/api/orders,50,198,522,0.004,825,
2026-03-01T21:00:00,/api/products,31,133,338,0.004,1577,
2026-03-01T21:00:00,/api/search,82,339,871,0.0039,549,
2026-03-01T22:00:00,/api/users,36,155,387,0.0016,1299,
2026-03-01T22:00:00,/api/orders,64,258,680,0.003,887,
2026-03-01T22:00:00,/api/products,39,167,423,0.0039,1277,
2026-03-01T22:00:00,/api/search,83,342,881,0.0016,513,
2026-03-01T23:00:00,/api/users,48,206,515,0.0036,1204,
2026-03-01T23:00:00,/api/orders,51,203,534,0.0021,751,
2026-03-01T23:00:00,/api/products,38,165,417,0.0016,1552,
2026-03-01T23:00:00,/api/search,75,308,793,0.004,599,
2026-03-02T00:00:00,/api/users,24,101,252,0.0017,618,
2026-03-02T00:00:00,/api/orders,32,128,338,0.0019,355,
2026-03-02T00:00:00,/api/products,16,68,171,0.0033,741,
2026-03-02T00:00:00,/api/search,41,167,431,0.0035,341,
2026-03-02T01:00:00,/api/users,21,91,227,0.0025,644,
2026-03-02T01:00:00,/api/orders,23,92,242,0.0037,383,
2026-03-02T01:00:00,/api/products,21,90,228,0.0012,729,
2026-03-02T01:00:00,/api/search,37,154,395,0.0019,266,
2026-03-02T02:00:00,/api/users,24,102,256,0.0013,561,
2026-03-02T02:00:00,/api/orders,27,107,281,0.0038,444,
2026-03-02T02:00:00,/api/products,19,83,211,0.0011,699,
2026-03-02T02:00:00,/api/search,47,192,493,0.0034,267,
2026-03-02T03:00:00,/api/users,18,76,191,0.002,600,
2026-03-02T03:00:00,/api/orders,31,122,323,0.0024,385,
2026-03-02T03:00:00,/api/products,19,79,201,0.0019,799,
2026-03-02T03:00:00,/api/search,44,183,470,0.0029,304,
2026-03-02T04:00:00,/api/users,23,98,246,0.0031,546,
2026-03-02T04:00:00,/api/orders,23,91,241,0.0035,373,
2026-03-02T04:00:00,/api/products,18,76,194,0.0034,804,
2026-03-02T04:00:00,/api/search,37,151,389,0.0032,323,
2026-03-02T05:00:00,/api/users,20,84,210,0.0017,694,
2026-03-02T05:00:00,/api/orders,29,116,307,0.0022,447,
2026-03-02T05:00:00,/api/products,17,72,183,0.0018,848,
2026-03-02T05:00:00,/api/search,48,199,512,0.0016,265,
2026-03-02T06:00:00,/api/users,41,176,441,0.0023,1413,
2026-03-02T06:00:00,/api/orders,59,237,625,0.0033,851,
2026-03-02T06:00:00,/api/products,36,156,394,0.0031,1699,
2026-03-02T06:00:00,/api/search,84,345,888,0.0033,684,
2026-03-02T07:00:00,/api/users,43,183,457,0.0017,1156,
2026-03-02T07:00:00,/api/orders,53,212,558,0.0019,760,
2026-03-02T07:00:00,/api/products,39,169,429,0.0015,1558,
2026-03-02T07:00:00,/api/search,96,394,1014,0.0011,535,
2026-03-02T08:00:00,/api/users,35,152,379,0.0012,1184,
2026-03-02T08:00:00,/api/orders,60,240,633,0.0029,762,
2026-03-02T08:00:00,/api/products,38,162,411,0.0031,1508,
2026-03-02T08:00:00,/api/search,81,332,854,0.0021,636,
2026-03-02T09:00:00,/api/users,59,251,627,0.0034,1444,
2026-03-02T09:00:00,/api/orders,72,287,757,0.0029,960,
2026-03-02T09:00:00,/api/products,42,181,458,0.0028,1882,
2026-03-02T09:00:00,/api/search,129,531,1364,0.0021,857,
2026-03-02T10:00:00,/api/users,66,282,706,0.0039,1757,
2026-03-02T10:00:00,/api/orders,64,255,672,0.0029,961,
2026-03-02T10:00:00,/api/products,43,184,466,0.0018,2347,
2026-03-02T10:00:00,/api/search,129,530,1362,0.0025,933,
2026-03-02T11:00:00,/api/users,49,209,522,0.0034,1685,
2026-03-02T11:00:00,/api/orders,85,340,898,0.0019,1142,
2026-03-02T11:00:00,/api/products,48,204,518,0.0026,2285,
2026-03-02T11:00:00,/api/search,213,877,2254,0.0266,791,429
2026-03-02T12:00:00,/api/users,51,218,545,0.001,1889,
2026-03-02T12:00:00,/api/orders,94,377,993,0.002,1086,
2026-03-02T12:00:00,/api/products,46,198,501,0.0025,2406,
2026-03-02T12:00:00,/api/search,147,607,1562,0.0038,888,
2026-03-02T13:00:00,/api/users,73,315,787,0.0031,1689,
2026-03-02T13:00:00,/api/orders,94,377,995,0.0028,1351,
2026-03-02T13:00:00,/api/products,62,268,678,0.0034,2337,
2026-03-02T13:00:00,/api/search,145,597,1535,0.0038,986,
2026-03-02T14:00:00,/api/users,75,320,800,0.0037,1900,
2026-03-02T14:00:00,/api/orders,69,275,725,0.0021,1278,
2026-03-02T14:00:00,/api/products,42,181,458,0.0016,2211,
2026-03-02T14:00:00,/api/search,113,467,1201,0.0038,997,
2026-03-02T15:00:00,/api/users,50,214,536,0.0014,1612,
2026-03-02T15:00:00,/api/orders,80,321,846,0.004,1057,
2026-03-02T15:00:00,/api/products,58,249,632,0.0023,2226,
2026-03-02T15:00:00,/api/search,115,473,1217,0.0024,997,
2026-03-02T16:00:00,/api/users,158,679,1698,0.0277,1567,500
2026-03-02T16:00:00,/api/orders,87,348,916,0.0028,992,
2026-03-02T16:00:00,/api/products,41,177,447,0.0037,2149,
2026-03-02T16:00:00,/api/search,100,413,1062,0.0033,797,
2026-03-02T17:00:00,/api/users,65,279,698,0.0018,1500,
2026-03-02T17:00:00,/api/orders,73,291,767,0.0033,1120,
2026-03-02T17:00:00,/api/products,45,194,492,0.0039,2216,
2026-03-02T17:00:00,/api/search,111,456,1172,0.0019,931,
2026-03-02T18:00:00,/api/users,49,208,520,0.0022,1641,
2026-03-02T18:00:00,/api/orders,78,311,819,0.0031,956,
2026-03-02T18:00:00,/api/products,38,163,413,0.0027,2198,
2026-03-02T18:00:00,/api/search,102,418,1076,0.0034,669,
2026-03-02T19:00:00,/api/users,45,193,484,0.0032,1321,
2026-03-02T19:00:00,/api/orders,63,253,666,0.0024,825,
2026-03-02T19:00:00,/api/products,37,157,397,0.0023,1655,
2026-03-02T19:00:00,/api/search,102,419,1077,0.0032,668,
2026-03-02T20:00:00,/api/users,45,195,487,0.0012,1194,
2026-03-02T20:00:00,/api/orders,58,232,611,0.0028,736,
2026-03-02T20:00:00,/api/products,31,133,337,0.0022,1593,
2026-03-02T20:00:00,/api/search,95,391,1005,0.0033,599,
2026-03-02T21:00:00,/api/users,49,208,521,0.001,1109,
2026-03-02T21:00:00,/api/orders,47,189,498,0.0013,893,
2026-03-02T21:00:00,/api/products,38,162,410,0.0034,1551,
2026-03-02T21:00:00,/api/search,94,387,996,0.0021,585,
2026-03-02T22:00:00,/api/users,38,163,407,0.0037,1076,
2026-03-02T22:00:00,/api/orders,61,242,638,0.0031,833,
2026-03-02T22:00:00,/api/products,29,126,319,0.003,1517,
2026-03-02T22:00:00,/api/search,85,350,900,0.0015,590,
2026-03-02T23:00:00,/api/users,44,190,476,0.0012,1279,
2026-03-02T23:00:00,/api/orders,47,186,491,0.0032,701,
2026-03-02T23:00:00,/api/products,42,178,452,0.0038,1654,
2026-03-02T23:00:00,/api/search,85,350,899,0.0031,570,
2026-03-03T00:00:00,/api/users,21,88,220,0.0013,636,
2026-03-03T00:00:00,/api/orders,30,119,313,0.0019,389,
2026-03-03T00:00:00,/api/products,17,72,182,0.0037,789,
2026-03-03T00:00:00,/api/search,39,161,415,0.0016,303,
2026-03-03T01:00:00,/api/users,25,108,270,0.0026,714,
2026-03-03T01:00:00,/api/orders,24,95,249,0.003,374,
2026-03-03T01:00:00,/api/products,15,64,161,0.0028,806,
2026-03-03T01:00:00,/api/search,46,190,488,0.0016,340,
2026-03-03T02:00:00,/api/users,19,81,203,0.002,668,
2026-03-03T02:00:00,/api/orders,30,122,321,0.0028,402,
2026-03-03T02:00:00,/api/products,15,65,166,0.0012,645,
2026-03-03T02:00:00,/api/search,44,181,464,0.0029,328,
2026-03-03T03:00:00,/api/users,19,82,204,0.0032,614,
2026-03-03T03:00:00,/api/orders,24,97,256,0.0035,417,
2026-03-03T03:00:00,/api/products,19,84,212,0.003,679,
2026-03-03T03:00:00,/api/search,44,183,471,0.0035,339,
2026-03-03T04:00:00,/api/users,23,98,246,0.0034,698,
2026-03-03T04:00:00,/api/orders,30,118,312,0.0031,345,
2026-03-03T04:00:00,/api/products,19,80,201,0.0014,669,
2026-03-03T04:00:00,/api/search,36,150,386,0.0015,339,
2026-03-03T05:00:00,/api/users,25,105,263,0.0028,586,
2026-03-03T05:00:00,/api/orders,30,119,313,0.0034,415,
2026-03-03T05:00:00,/api/products,17,72,183,0.0036,698,
2026-03-03T05:00:00,/api/search,39,161,415,0.0025,257,
2026-03-03T06:00:00,/api/users,35,149,372,0.0026,1367,
2026-03-03T06:00:00,/api/orders,47,188,496,0.0015,835,
2026-03-03T06:00:00,/api/products,42,180,455,0.0034,1452,
2026-03-03T06:00:00,/api/search,78,323,830,0.0023,529,
2026-03-03T07:00:00,/api/users,35,151,377,0.0019,1423,
2026-03-03T07:00:00,/api/orders,52,207,546,0.0032,760,
2026-03-03T07:00:00,/api/products,37,158,400,0.0031,1651,
2026-03-03T07:00:00,/api/search,70,289,744,0.0031,582,
2026-03-03T08:00:00,/api/users,34,146,365,0.0014,1426,
2026-03-03T08:00:00,/api/orders,59,234,618,0.0026,908,
2026-03-03T08:00:00,/api/products,32,137,348,0.0028,1385,
2026-03-03T08:00:00,/api/search,97,400,1029,0.0039,622,
2026-03-03T09:00:00,/api/users,63,271,678,0.0028,1860,
2026-03-03T09:00:00,/api/orders,80,318,840,0.0038,1035,
2026-03-03T09:00:00,/api/products,40,172,435,0.0026,1880,
2026-03-03T09:00:00,/api/search,131,541,1392,0.0015,764,
2026-03-03T10:00:00,/api/users,47,202,506,0.0038,1858,
2026-03-03T10:00:00,/api/orders,63,251,661,0.0011,1072,
2026-03-03T10:00:00,/api/products,50,213,539,0.0029,2127,
2026-03-03T10:00:00,/api/search,138,568,1460,0.0028,728,
2026-03-03T11:00:00,/api/users,70,301,752,0.0016,1640,
2026-03-03T11:00:00,/api/orders,82,327,863,0.0028,1107,
2026-03-03T11:00:00,/api/products,48,205,519,0.001,2223,
2026-03-03T11:00:00,/api/search,127,522,1343,0.003,904,
2026-03-03T12:00:00,/api/users,50,214,535,0.0035,1943,
2026-03-03T12:00:00,/api/orders,71,285,752,0.0013,1117,
2026-03-03T12:00:00,/api/products,59,255,646,0.0016,1968,
2026-03-03T12:00:00,/api/search,115,475,1221,0.0023,959,
2026-03-03T13:00:00,/api/users,75,321,803,0.0037,2049,
2026-03-03T13:00:00,/api/orders,88,354,933,0.0033,1314,
2026-03-03T13:00:00,/api/products,58,250,632,0.0028,1964,
2026-03-03T13:00:00,/api/search,150,619,1592,0.0024,773,
2026-03-03T14:00:00,/api/users,62,265,663,0.004,2067,
2026-03-03T14:00:00,/api/orders,76,302,797,0.0035,1101,
2026-03-03T14:00:00,/api/products,125,537,1360,0.049,2570,network
2026-03-03T14:00:00,/api/search,110,452,1162,0.0018,917,
2026-03-03T15:00:00,/api/users,62,266,664,0.003,1844,
2026-03-03T15:00:00,/api/orders,97,387,1021,0.0027,1021,
2026-03-03T15:00:00,/api/products,52,221,561,0.0034,2428,
2026-03-03T15:00:00,/api/search,367,1513,3890,0.0375,774,500
2026-03-03T16:00:00,/api/users,52,224,561,0.0026,1928,
2026-03-03T16:00:00,/api/orders,89,357,941,0.0039,1152,
2026-03-03T16:00:00,/api/products,58,250,633,0.0028,1937,
2026-03-03T16:00:00,/api/search,119,489,1257,0.002,958,
2026-03-03T17:00:00,/api/users,50,216,539,0.0013,1656,
2026-03-03T17:00:00,/api/orders,71,283,747,0.0021,1174,
2026-03-03T17:00:00,/api/products,45,192,486,0.0023,2305,
2026-03-03T17:00:00,/api/search,116,476,1224,0.0012,895,
2026-03-03T18:00:00,/api/users,63,270,675,0.0028,1495,
2026-03-03T18:00:00,/api/orders,79,316,834,0.001,1009,
2026-03-03T18:00:00,/api/products,47,200,508,0.0028,1707,
2026-03-03T18:00:00,/api/search,102,422,1084,0.0014,734,
2026-03-03T19:00:00,/api/users,41,174,435,0.0032,1344,
2026-03-03T19:00:00,/api/orders,53,212,559,0.0018,761,
2026-03-03T19:00:00,/api/products,36,153,387,0.0033,1376,
2026-03-03T19:00:00,/api/search,88,362,930,0.002,602,
2026-03-03T20:00:00,/api/users,36,154,384,0.0035,1378,
2026-03-03T20:00:00,/api/orders,47,188,497,0.001,720,
2026-03-03T20:00:00,/api/products,30,127,322,0.0039,1309,
2026-03-03T20:00:00,/api/search,72,298,767,0.003,616,
2026-03-03T21:00:00,/api/users,47,201,503,0.0016,1313,
2026-03-03T21:00:00,/api/orders,61,243,640,0.0034,734,
2026-03-03T21:00:00,/api/products,36,153,387,0.0028,1386,
2026-03-03T21:00:00,/api/search,90,370,951,0.0018,581,
2026-03-03T22:00:00,/api/users,36,154,384,0.0021,1379,
2026-03-03T22:00:00,/api/orders,62,247,652,0.0038,918,
2026-03-03T22:00:00,/api/products,35,150,380,0.0027,1693,
2026-03-03T22:00:00,/api/search,89,366,941,0.0015,573,
2026-03-03T23:00:00,/api/users,36,154,385,0.0022,1068,
2026-03-03T23:00:00,/api/orders,63,252,664,0.0028,888,
2026-03-03T23:00:00,/api/products,37,158,400,0.0035,1602,
2026-03-03T23:00:00,/api/search,100,413,1062,0.0016,649,
2026-03-04T00:00:00,/api/users,21,92,230,0.0025,684,
2026-03-04T00:00:00,/api/orders,27,109,287,0.0023,448,
2026-03-04T00:00:00,/api/products,20,86,219,0.0012,775,
2026-03-04T00:00:00,/api/search,40,164,422,0.0026,328,
2026-03-04T01:00:00,/api/users,20,87,218,0.0026,566,
2026-03-04T01:00:00,/api/orders,26,105,276,0.002,453,
2026-03-04T01:00:00,/api/products,15,65,165,0.0016,760,
2026-03-04T01:00:00,/api/search,37,153,394,0.0018,323,
2026-03-04T02:00:00,/api/users,21,91,228,0.0018,635,
2026-03-04T02:00:00,/api/orders,27,106,280,0.0037,421,
2026-03-04T02:00:00,/api/products,15,65,164,0.0013,644,
2026-03-04T02:00:00,/api/search,45,184,472,0.0012,309,
2026-03-04T03:00:00,/api/users,19,81,203,0.0019,711,
2026-03-04T03:00:00,/api/orders,23,92,243,0.002,411,
2026-03-04T03:00:00,/api/products,19,81,204,0.0028,729,
2026-03-04T03:00:00,/api/search,41,169,434,0.0023,300,
2026-03-04T04:00:00,/api/users,17,73,183,0.0021,686,
2026-03-04T04:00:00,/api/orders,28,112,296,0.0028,410,
2026-03-04T04:00:00,/api/products,19,80,203,0.0015,842,
2026-03-04T04:00:00,/api/search,37,152,390,0.0036,331,
2026-03-04T05:00:00,/api/users,20,85,213,0.0038,660,
2026-03-04T05:00:00,/api/orders,25,102,269,0.0027,441,
2026-03-04T05:00:00,/api/products,19,82,209,0.004,752,
2026-03-04T05:00:00,/api/search,48,198,508,0.0025,265,
2026-03-04T06:00:00,/api/users,41,178,444,0.0018,1144,
2026-03-04T06:00:00,/api/orders,66,263,692,0.0022,690,
2026-03-04T06:00:00,/api/products,37,159,404,0.0028,1582,
2026-03-04T06:00:00,/api/search,100,413,1061,0.002,641,
2026-03-04T07:00:00,/api/users,48,205,514,0.0026,1094,
2026-03-04T07:00:00,/api/orders,45,180,476,0.0031,871,
2026-03-04T07:00:00,/api/products,29,123,311,0.003,1610,
2026-03-04T07:00:00,/api/search,72,296,760,0.0027,627,
2026-03-04T08:00:00,/api/users,44,188,470,0.0028,1304,
2026-03-04T08:00:00,/api/orders,56,224,591,0.0024,884,
2026-03-04T08:00:00,/api/products,33,141,357,0.0034,1406,
2026-03-04T08:00:00,/api/search,72,295,758,0.0012,522,
2026-03-04T09:00:00,/api/users,54,232,580,0.0028,1398,
2026-03-04T09:00:00,/api/orders,79,316,833,0.0036,1140,
2026-03-04T09:00:00,/api/products,45,194,490,0.0016,2203,
2026-03-04T09:00:00,/api/search,125,516,1327,0.0012,820,
2026-03-04T10:00:00,/api/users,68,290,725,0.0023,1627,
2026-03-04T10:00:00,/api/orders,66,265,698,0.0021,1113,
2026-03-04T10:00:00,/api/products,106,454,1151,0.0439,2008,network
2026-03-04T10:00:00,/api/search,104,427,1098,0.0019,821,
2026-03-04T11:00:00,/api/users,69,294,735,0.0028,1621,
2026-03-04T11:00:00,/api/orders,89,357,941,0.0025,1276,
2026-03-04T11:00:00,/api/products,59,254,643,0.0024,2131,
2026-03-04T11:00:00,/api/search,136,558,1435,0.0023,870,
2026-03-04T12:00:00,/api/users,64,275,686,0.0021,1630,
2026-03-04T12:00:00,/api/orders,66,262,692,0.0027,1104,
2026-03-04T12:00:00,/api/products,42,182,460,0.0021,2404,
2026-03-04T12:00:00,/api/search,117,482,1241,0.0039,901,
2026-03-04T13:00:00,/api/users,61,263,657,0.0014,2102,
2026-03-04T13:00:00,/api/orders,98,391,1032,0.0018,1119,
2026-03-04T13:00:00,/api/products,53,227,574,0.0024,2543,
2026-03-04T13:00:00,/api/search,137,566,1454,0.0016,839,
2026-03-04T14:00:00,/api/users,57,245,611,0.0031,1676,
2026-03-04T14:00:00,/api/orders,76,303,798,0.0021,1078,
2026-03-04T14:00:00,/api/products,49,211,534,0.0015,2272,
2026-03-04T14:00:00,/api/search,107,441,1135,0.0035,916,
2026-03-04T15:00:00,/api/users,72,307,768,0.003,1837,
2026-03-04T15:00:00,/api/orders,69,277,731,0.0017,1129,
2026-03-04T15:00:00,/api/products,52,223,564,0.0034,2155,
2026-03-04T15:00:00,/api/search,105,432,1110,0.0031,874,
2026-03-04T16:00:00,/api/users,183,783,1959,0.0617,2012,network
2026-03-04T16:00:00,/api/orders,93,371,978,0.0018,1169,
2026-03-04T16:00:00,/api/products,49,210,532,0.0019,1987,
2026-03-04T16:00:00,/api/search,133,549,1413,0.0023,835,
2026-03-04T17:00:00,/api/users,50,213,534,0.0012,1488,
2026-03-04T17:00:00,/api/orders,69,275,725,0.004,1101,
2026-03-04T17:00:00,/api/products,57,242,614,0.0036,2335,
2026-03-04T17:00:00,/api/search,135,556,1429,0.0023,704,
2026-03-04T18:00:00,/api/users,44,188,471,0.0023,1770,
2026-03-04T18:00:00,/api/orders,76,303,800,0.004,1055,
2026-03-04T18:00:00,/api/products,48,205,520,0.003,1901,
2026-03-04T18:00:00,/api/search,131,541,1391,0.0016,809,
2026-03-04T19:00:00,/api/users,48,205,512,0.003,1433,
2026-03-04T19:00:00,/api/orders,65,258,681,0.0021,728,
2026-03-04T19:00:00,/api/products,31,134,339,0.0037,1657,
2026-03-04T19:00:00,/api/search,74,307,789,0.0025,636,
2026-03-04T20:00:00,/api/users,37,158,395,0.0033,1323,
2026-03-04T20:00:00,/api/orders,44,177,467,0.003,797,
2026-03-04T20:00:00,/api/products,28,122,309,0.0027,1516,
2026-03-04T20:00:00,/api/search,81,334,859,0.0022,538,
2026-03-04T21:00:00,/api/users,38,163,408,0.0028,1225,
2026-03-04T21:00:00,/api/orders,47,187,494,0.0038,724,
2026-03-04T21:00:00,/api/products,30,130,330,0.0011,1681,
2026-03-04T21:00:00,/api/search,88,364,936,0.0012,527,
2026-03-04T22:00:00,/api/users,49,209,522,0.0039,1176,
2026-03-04T22:00:00,/api/orders,62,249,657,0.0033,905,
2026-03-04T22:00:00,/api/products,34,147,372,0.0036,1407,
2026-03-04T22:00:00,/api/search,100,412,1061,0.0021,688,
2026-03-04T23:00:00,/api/users,36,154,385,0.0016,1390,
2026-03-04T23:00:00,/api/orders,57,229,604,0.0021,915,
2026-03-04T23:00:00,/api/products,40,173,439,0.0026,1617,
2026-03-04T23:00:00,/api/search,68,280,720,0.0038,647,
2026-03-05T00:00:00,/api/users,25,107,268,0.0029,707,
2026-03-05T00:00:00,/api/orders,30,120,318,0.0022,390,
2026-03-05T00:00:00,/api/products,18,75,191,0.0038,690,
2026-03-05T00:00:00,/api/search,38,155,397,0.0038,303,
2026-03-05T01:00:00,/api/users,19,81,203,0.0033,713,
2026-03-05T01:00:00,/api/orders,25,101,267,0.0038,448,
2026-03-05T01:00:00,/api/products,17,73,184,0.0028,647,
2026-03-05T01:00:00,/api/search,35,143,369,0.0025,336,
2026-03-05T02:00:00,/api/users,20,84,209,0.0025,698,
2026-03-05T02:00:00,/api/orders,32,128,338,0.0039,345,
2026-03-05T02:00:00,/api/products,14,62,157,0.0035,821,
2026-03-05T02:00:00,/api/search,45,186,479,0.0032,313,
2026-03-05T03:00:00,/api/users,23,100,249,0.0024,541,
2026-03-05T03:00:00,/api/orders,29,116,305,0.004,367,
2026-03-05T03:00:00,/api/products,17,72,181,0.0015,655,
2026-03-05T03:00:00,/api/search,51,209,537,0.0039,335,
2026-03-05T04:00:00,/api/users,20,88,219,0.0017,698,
2026-03-05T04:00:00,/api/orders,31,125,329,0.0026,373,
2026-03-05T04:00:00,/api/products,18,79,200,0.0027,659,
2026-03-05T04:00:00,/api/search,49,200,515,0.0036,291,
2026-03-05T05:00:00,/api/users,24,105,262,0.0019,690,
2026-03-05T05:00:00,/api/orders,31,124,326,0.0035,445,
2026-03-05T05:00:00,/api/products,18,78,199,0.0034,725,
2026-03-05T05:00:00,/api/search,49,200,515,0.0019,314,
2026-03-05T06:00:00,/api/users,41,177,442,0.0027,1319,
2026-03-05T06:00:00,/api/orders,49,198,521,0.001,735,
2026-03-05T06:00:00,/api/products,31,132,335,0.0028,1722,
2026-03-05T06:00:00,/api/search,91,373,959,0.0017,588,
2026-03-05T07:00:00,/api/users,44,190,474,0.003,1201,
2026-03-05T07:00:00,/api/orders,52,207,545,0.0016,855,
2026-03-05T07:00:00,/api/products,35,152,385,0.0032,1456,
2026-03-05T07:00:00,/api/search,99,408,1049,0.0024,657,
2026-03-05T08:00:00,/api/users,43,186,464,0.0034,1413,
2026-03-05T08:00:00,/api/orders,58,233,615,0.004,680,
2026-03-05T08:00:00,/api/products,32,136,344,0.0018,1365,
2026-03-05T08:00:00,/api/search,102,419,1078,0.001,648,
2026-03-05T09:00:00,/api/users,47,204,509,0.0027,1787,
2026-03-05T09:00:00,/api/orders,76,306,806,0.0033,885,
2026-03-05T09:00:00,/api/products,37,158,400,0.0028,2153,
2026-03-05T09:00:00,/api/search,97,399,1027,0.0031,666,
2026-03-05T10:00:00,/api/users,55,235,588,0.0032,1877,
2026-03-05T10:00:00,/api/orders,64,254,670,0.0039,1047,
2026-03-05T10:00:00,/api/products,55,234,592,0.0023,1876,
2026-03-05T10:00:00,/api/search,134,550,1414,0.0033,887,
2026-03-05T11:00:00,/api/users,66,285,712,0.0022,1609,
2026-03-05T11:00:00,/api/orders,71,284,748,0.003,1232,
2026-03-05T11:00:00,/api/products,53,225,571,0.0021,2271,
2026-03-05T11:00:00,/api/search,97,401,1032,0.0032,906,
2026-03-05T12:00:00,/api/users,62,268,669,0.0034,1752,
2026-03-05T12:00:00,/api/orders,65,261,688,0.0023,1145,
2026-03-05T12:00:00,/api/products,52,225,569,0.0019,2433,
2026-03-05T12:00:00,/api/search,142,583,1499,0.0034,840,
2026-03-05T13:00:00,/api/users,63,268,671,0.0024,1797,
2026-03-05T13:00:00,/api/orders,98,393,1036,0.0014,1088,
2026-03-05T13:00:00,/api/products,51,217,549,0.0036,2327,
2026-03-05T13:00:00,/api/search,126,519,1336,0.0036,905,
2026-03-05T14:00:00,/api/users,68,291,729,0.0032,1669,
2026-03-05T14:00:00,/api/orders,75,301,795,0.002,1180,
2026-03-05T14:00:00,/api/products,47,200,507,0.0038,2558,
2026-03-05T14:00:00,/api/search,136,562,1445,0.0026,775,
2026-03-05T15:00:00,/api/users,60,258,645,0.0035,2025,
2026-03-05T15:00:00,/api/orders,77,309,815,0.0026,1115,
2026-03-05T15:00:00,/api/products,58,250,633,0.0013,2202,
2026-03-05T15:00:00,/api/search,143,590,1517,0.0033,989,
2026-03-05T16:00:00,/api/users,51,217,542,0.0031,1600,
2026-03-05T16:00:00,/api/orders,71,284,748,0.0021,1157,
2026-03-05T16:00:00,/api/products,48,206,521,0.0037,2174,
2026-03-05T16:00:00,/api/search,133,549,1412,0.0026,749,
2026-03-05T17:00:00,/api/users,46,198,495,0.0024,1677,
2026-03-05T17:00:00,/api/orders,67,269,710,0.0019,1006,
2026-03-05T17:00:00,/api/products,49,211,534,0.0015,2054,
2026-03-05T17:00:00,/api/search,102,419,1077,0.0015,791,
2026-03-05T18:00:00,/api/users,53,229,573,0.0015,1587,
2026-03-05T18:00:00,/api/orders,77,308,811,0.0039,1014,
2026-03-05T18:00:00,/api/products,39,168,424,0.0027,2014,
2026-03-05T18:00:00,/api/search,110,451,1161,0.0037,888,
2026-03-05T19:00:00,/api/users,36,154,384,0.0025,1305,
2026-03-05T19:00:00,/api/orders,65,262,690,0.0025,774,
2026-03-05T19:00:00,/api/products,40,172,435,0.0024,1314,
2026-03-05T19:00:00,/api/search,91,374,962,0.0038,663,
2026-03-05T20:00:00,/api/users,48,207,516,0.0034,1340,
2026-03-05T20:00:00,/api/orders,54,217,573,0.0027,703,
2026-03-05T20:00:00,/api/products,36,154,391,0.0014,1327,
2026-03-05T20:00:00,/api/search,81,334,858,0.0013,586,
2026-03-05T21:00:00,/api/users,42,179,447,0.0012,1245,
2026-03-05T21:00:00,/api/orders,49,196,518,0.0011,759,
2026-03-05T21:00:00,/api/products,30,131,331,0.0014,1296,
2026-03-05T21:00:00,/api/search,87,356,917,0.0029,613,
2026-03-05T22:00:00,/api/users,47,200,501,0.0026,1307,
2026-03-05T22:00:00,/api/orders,59,237,626,0.0013,887,
2026-03-05T22:00:00,/api/products,36,155,393,0.0027,1378,
2026-03-05T22:00:00,/api/search,92,381,979,0.0028,605,
2026-03-05T23:00:00,/api/users,48,205,513,0.0034,1300,
2026-03-05T23:00:00,/api/orders,44,177,466,0.0027,688,
2026-03-05T23:00:00,/api/products,32,135,342,0.0015,1677,
2026-03-05T23:00:00,/api/search,81,335,863,0.0036,646,
2026-03-06T00:00:00,/api/users,18,77,193,0.0038,658,
2026-03-06T00:00:00,/api/orders,22,89,234,0.0023,400,
2026-03-06T00:00:00,/api/products,17,73,185,0.004,812,
2026-03-06T00:00:00,/api/search,41,167,429,0.0037,326,
2026-03-06T01:00:00,/api/users,22,93,232,0.003,711,
2026-03-06T01:00:00,/api/orders,32,127,335,0.0012,358,
2026-03-06T01:00:00,/api/products,16,69,176,0.0038,637,
2026-03-06T01:00:00,/api/search,50,204,525,0.0019,289,
2026-03-06T02:00:00,/api/users,20,85,212,0.0016,580,
2026-03-06T02:00:00,/api/orders,23,92,243,0.0035,343,
2026-03-06T02:00:00,/api/products,19,82,207,0.0018,777,
2026-03-06T02:00:00,/api/search,34,141,363,0.0021,278,
2026-03-06T03:00:00,/api/users,23,99,248,0.0031,665,
2026-03-06T03:00:00,/api/orders,27,109,288,0.0039,363,
2026-03-06T03:00:00,/api/products,15,63,159,0.0017,839,
2026-03-06T03:00:00,/api/search,43,178,458,0.0038,275,
2026-03-06T04:00:00,/api/users,25,105,263,0.001,590,
2026-03-06T04:00:00,/api/orders,24,95,250,0.0018,363,
2026-03-06T04:00:00,/api/products,21,89,226,0.0039,834,
2026-03-06T04:00:00,/api/search,39,159,408,0.0022,276,
2026-03-06T05:00:00,/api/users,19,81,202,0.0016,691,
2026-03-06T05:00:00,/api/orders,24,95,251,0.0035,429,
2026-03-06T05:00:00,/api/products,18,75,190,0.0031,678,
2026-03-06T05:00:00,/api/search,36,147,378,0.0011,280,
2026-03-06T06:00:00,/api/users,47,200,501,0.0032,1344,
2026-03-06T06:00:00,/api/orders,44,176,465,0.0035,839,
2026-03-06T06:00:00,/api/products,31,135,341,0.0024,1450,
2026-03-06T06:00:00,/api/search,81,332,853,0.0037,615,
2026-03-06T07:00:00,/api/users,37,159,398,0.0032,1268,
2026-03-06T07:00:00,/api/orders,61,243,641,0.0025,745,
2026-03-06T07:00:00,/api/products,41,175,443,0.0025,1373,
2026-03-06T07:00:00,/api/search,94,388,997,0.0036,689,
2026-03-06T08:00:00,/api/users,42,181,453,0.0039,1153,
2026-03-06T08:00:00,/api/orders,59,236,621,0.0037,903,
2026-03-06T08:00:00,/api/products,34,148,374,0.0011,1619,
2026-03-06T08:00:00,/api/search,99,410,1053,0.0034,523,
2026-03-06T09:00:00,/api/users,58,250,625,0.001,1648,
2026-03-06T09:00:00,/api/orders,59,236,622,0.001,911,
2026-03-06T09:00:00,/api/products,83,356,902,0.015,1869,network
2026-03-06T09:00:00,/api/search,102,419,1077,0.0034,752,
2026-03-06T10:00:00,/api/users,47,200,500,0.0026,1494,
2026-03-06T10:00:00,/api/orders,223,892,2350,0.0208,1062,timeout
2026-03-06T10:00:00,/api/products,57,246,624,0.0023,2255,
2026-03-06T10:00:00,/api/search,100,412,1060,0.0032,716,
2026-03-06T11:00:00,/api/users,59,255,637,0.0038,1623,
2026-03-06T11:00:00,/api/orders,68,271,715,0.0029,1123,
2026-03-06T11:00:00,/api/products,49,209,529,0.0032,2196,
2026-03-06T11:00:00,/api/search,107,441,1133,0.0025,895,
2026-03-06T12:00:00,/api/users,65,278,695,0.0028,1766,
2026-03-06T12:00:00,/api/orders,94,377,994,0.0016,1137,
2026-03-06T12:00:00,/api/products,59,255,645,0.0036,2280,
2026-03-06T12:00:00,/api/search,139,573,1474,0.0029,878,
2026-03-06T13:00:00,/api/users,58,247,618,0.0014,1725,
2026-03-06T13:00:00,/api/orders,98,390,1029,0.0035,1023,
2026-03-06T13:00:00,/api/products,57,246,622,0.0029,2263,
2026-03-06T13:00:00,/api/search,107,442,1137,0.0033,950,
2026-03-06T14:00:00,/api/users,56,238,596,0.002,1705,
2026-03-06T14:00:00,/api/orders,95,381,1004,0.0028,1280,
2026-03-06T14:00:00,/api/products,52,224,568,0.0026,2014,
2026-03-06T14:00:00,/api/search,118,487,1251,0.0037,939,
2026-03-06T15:00:00,/api/users,54,233,584,0.0029,1626,
2026-03-06T15:00:00,/api/orders,73,290,766,0.0039,1354,
2026-03-06T15:00:00,/api/products,50,212,538,0.0039,2331,
2026-03-06T15:00:00,/api/search,122,503,1294,0.0034,1003,
2026-03-06T16:00:00,/api/users,50,214,535,0.0029,1945,
2026-03-06T16:00:00,/api/orders,89,356,938,0.0035,1284,
2026-03-06T16:00:00,/api/products,52,223,565,0.0037,2199,
2026-03-06T16:00:00,/api/search,112,461,1186,0.0016,797,
2026-03-06T17:00:00,/api/users,61,263,658,0.0013,1746,
2026-03-06T17:00:00,/api/orders,65,259,683,0.0032,1116,
2026-03-06T17:00:00,/api/products,44,188,477,0.0036,1909,
2026-03-06T17:00:00,/api/search,114,469,1207,0.0033,781,
2026-03-06T18:00:00,/api/users,55,238,594,0.0015,1690,
2026-03-06T18:00:00,/api/orders,78,312,823,0.0038,913,
2026-03-06T18:00:00,/api/products,51,220,558,0.0034,1852,
2026-03-06T18:00:00,/api/search,118,487,1253,0.0033,822,
2026-03-06T19:00:00,/api/users,43,186,466,0.0039,1203,
2026-03-06T19:00:00,/api/orders,53,211,556,0.0014,763,
2026-03-06T19:00:00,/api/products,34,147,373,0.0039,1414,
2026-03-06T19:00:00,/api/search,94,388,999,0.0039,530,
2026-03-06T20:00:00,/api/users,37,157,392,0.0012,1078,
2026-03-06T20:00:00,/api/orders,61,243,642,0.0032,914,
2026-03-06T20:00:00,/api/products,37,157,398,0.001,1278,
2026-03-06T20:00:00,/api/search,99,407,1046,0.0028,582,
2026-03-06T21:00:00,/api/users,47,203,509,0.0012,1240,
2026-03-06T21:00:00,/api/orders,50,201,530,0.0037,917,
2026-03-06T21:00:00,/api/products,37,157,398,0.0023,1404,
2026-03-06T21:00:00,/api/search,88,362,930,0.0013,671,
2026-03-06T22:00:00,/api/users,36,153,382,0.0033,1367,
2026-03-06T22:00:00,/api/orders,54,214,565,0.0026,893,
2026-03-06T22:00:00,/api/products,33,141,357,0.0038,1720,
2026-03-06T22:00:00,/api/search,90,372,956,0.0032,576,
2026-03-06T23:00:00,/api/users,38,162,406,0.0035,1189,
2026-03-06T23:00:00,/api/orders,64,257,677,0.0031,825,
2026-03-06T23:00:00,/api/products,36,156,396,0.0017,1575,
2026-03-06T23:00:00,/api/search,82,339,871,0.0035,635,
2026-03-07T00:00:00,/api/users,23,99,247,0.001,685,
2026-03-07T00:00:00,/api/orders,31,124,328,0.0037,386,
2026-03-07T00:00:00,/api/products,16,70,178,0.0028,756,
2026-03-07T00:00:00,/api/search,38,155,398,0.0028,298,
2026-03-07T01:00:00,/api/users,25,106,264,0.0021,596,
2026-03-07T01:00:00,/api/orders,30,119,313,0.0025,423,
2026-03-07T01:00:00,/api/products,18,79,200,0.0014,753,
2026-03-07T01:00:00,/api/search,40,163,420,0.0032,336,
2026-03-07T02:00:00,/api/users,23,100,249,0.0019,688,
2026-03-07T02:00:00,/api/orders,29,116,305,0.004,361,
2026-03-07T02:00:00,/api/products,17,74,188,0.0033,852,
2026-03-07T02:00:00,/api/search,46,189,486,0.0039,332,
2026-03-07T03:00:00,/api/users,24,101,253,0.0037,704,
2026-03-07T03:00:00,/api/orders,24,94,248,0.0015,358,
2026-03-07T03:00:00,/api/products,15,66,167,0.001,707,
2026-03-07T03:00:00,/api/search,51,210,539,0.0029,338,
2026-03-07T04:00:00,/api/users,19,82,206,0.0027,627,
2026-03-07T04:00:00,/api/orders,24,96,254,0.0027,431,
2026-03-07T04:00:00,/api/products,20,87,220,0.0033,749,
2026-03-07T04:00:00,/api/search,44,180,464,0.0014,327,
2026-03-07T05:00:00,/api/users,25,107,268,0.003,652,
2026-03-07T05:00:00,/api/orders,23,94,248,0.0034,379,
2026-03-07T05:00:00,/api/products,17,74,188,0.0024,856,
2026-03-07T05:00:00,/api/search,35,144,371,0.0014,284,
2026-03-07T06:00:00,/api/users,50,212,531,0.0019,1070,
2026-03-07T06:00:00,/api/orders,64,256,676,0.0037,798,
2026-03-07T06:00:00,/api/products,37,161,407,0.0013,1416,
2026-03-07T06:00:00,/api/search,70,287,739,0.0035,551,
2026-03-07T07:00:00,/api/users,35,150,375,0.0019,1266,
2026-03-07T07:00:00,/api/orders,59,236,623,0.0038,783,
2026-03-07T07:00:00,/api/products,36,154,391,0.0039,1704,
2026-03-07T07:00:00,/api/search,73,300,772,0.0012,550,
2026-03-07T08:00:00,/api/users,46,196,489,0.0037,1361,
2026-03-07T08:00:00,/api/orders,57,228,602,0.0033,789,
2026-03-07T08:00:00,/api/products,41,177,448,0.0032,1639,
2026-03-07T08:00:00,/api/search,68,281,722,0.0015,686,
2026-03-07T09:00:00,/api/users,49,209,524,0.001,1804,
2026-03-07T09:00:00,/api/orders,60,239,631,0.0013,1156,
2026-03-07T09:00:00,/api/products,53,226,571,0.0019,1873,
2026-03-07T09:00:00,/api/search,129,531,1365,0.0022,709,
2026-03-07T10:00:00,/api/users,52,223,559,0.0025,1705,
2026-03-07T10:00:00,/api/orders,78,313,826,0.0037,1144,
2026-03-07T10:00:00,/api/products,56,241,612,0.0021,2034,
2026-03-07T10:00:00,/api/search,124,509,1308,0.0023,772,
2026-03-07T11:00:00,/api/users,54,233,583,0.0038,1781,
2026-03-07T11:00:00,/api/orders,84,337,889,0.003,1133,
2026-03-07T11:00:00,/api/products,46,198,502,0.0036,2246,
2026-03-07T11:00:00,/api/search,142,584,1502,0.0014,890,
2026-03-07T12:00:00,/api/users,51,220,550,0.002,2064,
2026-03-07T12:00:00,/api/orders,94,376,992,0.0038,1147,
2026-03-07T12:00:00,/api/products,58,249,630,0.0039,1954,
2026-03-07T12:00:00,/api/search,100,413,1062,0.0024,861,
2026-03-07T13:00:00,/api/users,75,323,808,0.0032,2107,
2026-03-07T13:00:00,/api/orders,73,292,770,0.0031,1280,
2026-03-07T13:00:00,/api/products,62,265,672,0.0035,2320,
2026-03-07T13:00:00,/api/search,128,528,1359,0.002,955,
2026-03-07T14:00:00,/api/users,62,267,669,0.0011,1975,
2026-03-07T14:00:00,/api/orders,69,275,724,0.0039,1276,
2026-03-07T14:00:00,/api/products,48,205,519,0.001,2267,
2026-03-07T14:00:00,/api/search,114,471,1211,0.0026,947,
2026-03-07T15:00:00,/api/users,73,312,780,0.0028,1751,
2026-03-07T15:00:00,/api/orders,75,299,790,0.0023,1005,
2026-03-07T15:00:00,/api/products,59,252,638,0.003,2309,
2026-03-07T15:00:00,/api/search,138,570,1464,0.0015,904,
2026-03-07T16:00:00,/api/users,69,297,743,0.0039,1945,
2026-03-07T16:00:00,/api/orders,80,320,844,0.0032,1194,
2026-03-07T16:00:00,/api/products,47,203,514,0.0031,1847,
2026-03-07T16:00:00,/api/search,109,448,1152,0.0038,972,
2026-03-07T17:00:00,/api/users,49,210,526,0.0038,1893,
2026-03-07T17:00:00,/api/orders,74,295,777,0.0027,934,
2026-03-07T17:00:00,/api/products,102,437,1107,0.0387,2265,network
2026-03-07T17:00:00,/api/search,209,859,2209,0.0373,923,429
2026-03-07T18:00:00,/api/users,50,213,532,0.0038,1848,
2026-03-07T18:00:00,/api/orders,76,305,804,0.0015,974,
2026-03-07T18:00:00,/api/products,49,208,528,0.0015,2061,
2026-03-07T18:00:00,/api/search,130,535,1376,0.0034,834,
2026-03-07T19:00:00,/api/users,50,214,535,0.0017,1340,
2026-03-07T19:00:00,/api/orders,51,203,534,0.002,881,
2026-03-07T19:00:00,/api/products,39,169,427,0.0027,1322,
2026-03-07T19:00:00,/api/search,68,280,720,0.0034,574,
2026-03-07T20:00:00,/api/users,47,200,500,0.0013,1422,
2026-03-07T20:00:00,/api/orders,55,220,581,0.0024,839,
2026-03-07T20:00:00,/api/products,37,158,400,0.0032,1671,
2026-03-07T20:00:00,/api/search,87,359,923,0.0015,622,
2026-03-07T21:00:00,/api/users,44,189,472,0.0026,1127,
2026-03-07T21:00:00,/api/orders,60,241,634,0.0019,711,
2026-03-07T21:00:00,/api/products,40,170,431,0.0014,1552,
2026-03-07T21:00:00,/api/search,76,314,806,0.0028,642,
2026-03-07T22:00:00,/api/users,48,205,514,0.0015,1142,
2026-03-07T22:00:00,/api/orders,48,190,502,0.0012,912,
2026-03-07T22:00:00,/api/products,32,136,345,0.0032,1505,
2026-03-07T22:00:00,/api/search,99,409,1053,0.002,621,
2026-03-07T23:00:00,/api/users,48,208,519,0.0014,1372,
2026-03-07T23:00:00,/api/orders,45,180,474,0.0022,752,
2026-03-07T23:00:00,/api/products,28,121,306,0.004,1504,
2026-03-07T23:00:00,/api/search,70,289,744,0.0029,521,
2026-03-08T00:00:00,/api/users,21,91,228,0.0038,567,
2026-03-08T00:00:00,/api/orders,31,124,328,0.0038,421,
2026-03-08T00:00:00,/api/products,17,73,186,0.003,708,
2026-03-08T00:00:00,/api/search,49,202,519,0.0029,275,
2026-03-08T01:00:00,/api/users,24,105,262,0.0026,640,
2026-03-08T01:00:00,/api/orders,27,107,282,0.0027,412,
2026-03-08T01:00:00,/api/products,16,68,173,0.0026,829,
2026-03-08T01:00:00,/api/search,38,158,405,0.0029,318,
2026-03-08T02:00:00,/api/users,21,88,220,0.0032,575,
2026-03-08T02:00:00,/api/orders,30,119,314,0.0012,455,
2026-03-08T02:00:00,/api/products,15,63,160,0.0034,678,
2026-03-08T02:00:00,/api/search,44,182,467,0.0014,258,
2026-03-08T03:00:00,/api/users,19,81,202,0.0019,541,
2026-03-08T03:00:00,/api/orders,27,109,288,0.003,423,
2026-03-08T03:00:00,/api/products,21,88,223,0.0015,791,
2026-03-08T03:00:00,/api/search,47,194,499,0.0019,301,
2026-03-08T04:00:00,/api/users,20,87,219,0.0025,668,
2026-03-08T04:00:00,/api/orders,31,126,331,0.0019,441,
2026-03-08T04:00:00,/api/products,20,87,220,0.0022,796,
2026-03-08T04:00:00,/api/search,48,197,506,0.0038,307,
2026-03-08T05:00:00,/api/users,22,94,235,0.0019,581,
2026-03-08T05:00:00,/api/orders,31,125,330,0.0012,385,
2026-03-08T05:00:00,/api/products,20,86,218,0.0021,709,
2026-03-08T05:00:00,/api/search,42,175,449,0.0027,329,
2026-03-08T06:00:00,/api/users,45,193,483,0.003,1338,
2026-03-08T06:00:00,/api/orders,46,182,480,0.0015,849,
2026-03-08T06:00:00,/api/products,31,133,337,0.0014,1489,
2026-03-08T06:00:00,/api/search,101,417,1071,0.0017,648,
2026-03-08T07:00:00,/api/users,48,205,511,0.0023,1166,
2026-03-08T07:00:00,/api/orders,47,188,496,0.003,907,
2026-03-08T07:00:00,/api/products,35,149,377,0.0034,1434,
2026-03-08T07:00:00,/api/search,89,368,946,0.0022,553,
2026-03-08T08:00:00,/api/users,34,145,363,0.0014,1392,
2026-03-08T08:00:00,/api/orders,48,193,510,0.0022,699,
2026-03-08T08:00:00,/api/products,42,179,453,0.003,1337,
2026-03-08T08:00:00,/api/search,96,396,1017,0.0013,643,
2026-03-08T09:00:00,/api/users,80,343,856,0.0505,1384,timeout
2026-03-08T09:00:00,/api/orders,85,339,894,0.0025,1041,
2026-03-08T09:00:00,/api/products,40,173,438,0.0022,1804,
2026-03-08T09:00:00,/api/search,92,377,969,0.0027,725,
2026-03-08T10:00:00,/api/users,52,221,552,0.0018,1466,
2026-03-08T10:00:00,/api/orders,70,281,741,0.0028,985,
2026-03-08T10:00:00,/api/products,53,229,579,0.0029,1941,
2026-03-08T10:00:00,/api/search,139,574,1476,0.0015,806,
2026-03-08T11:00:00,/api/users,49,209,523,0.0012,1550,
2026-03-08T11:00:00,/api/orders,73,290,765,0.0016,1187,
2026-03-08T11:00:00,/api/products,48,206,523,0.003,2303,
2026-03-08T11:00:00,/api/search,111,458,1177,0.0035,920,
2026-03-08T12:00:00,/api/users,66,282,705,0.0023,1618,
2026-03-08T12:00:00,/api/orders,86,345,910,0.0013,1071,
2026-03-08T12:00:00,/api/products,55,236,597,0.0026,2274,
2026-03-08T12:00:00,/api/search,106,435,1118,0.0033,949,
2026-03-08T13:00:00,/api/users,57,244,610,0.0034,1839,
2026-03-08T13:00:00,/api/orders,85,338,891,0.0011,1021,
2026-03-08T13:00:00,/api/products,50,213,539,0.0038,2322,
2026-03-08T13:00:00,/api/search,118,488,1254,0.0024,943,
2026-03-08T14:00:00,/api/users,64,274,685,0.0015,1595,
2026-03-08T14:00:00,/api/orders,75,301,793,0.0012,1055,
2026-03-08T14:00:00,/api/products,139,596,1510,0.0232,2525,network
2026-03-08T14:00:00,/api/search,124,511,1313,0.0033,907,
2026-03-08T15:00:00,/api/users,65,278,694,0.0016,2028,
2026-03-08T15:00:00,/api/orders,68,272,718,0.002,1311,
2026-03-08T15:00:00,/api/products,62,265,671,0.002,2489,
2026-03-08T15:00:00,/api/search,121,497,1279,0.0028,922,
2026-03-08T16:00:00,/api/users,49,212,529,0.0039,1562,
2026-03-08T16:00:00,/api/orders,89,355,935,0.0035,1300,
2026-03-08T16:00:00,/api/products,45,191,483,0.0025,2230,
2026-03-08T16:00:00,/api/search,119,489,1257,0.0035,853,
2026-03-08T17:00:00,/api/users,67,286,716,0.0036,1677,
2026-03-08T17:00:00,/api/orders,88,352,928,0.0017,949,
2026-03-08T17:00:00,/api/products,53,227,575,0.0015,2072,
2026-03-08T17:00:00,/api/search,108,443,1139,0.0035,807,
2026-03-08T18:00:00,/api/users,63,269,672,0.0034,1559,
2026-03-08T18:00:00,/api/orders,73,294,775,0.0023,963,
2026-03-08T18:00:00,/api/products,40,172,437,0.0039,2215,
2026-03-08T18:00:00,/api/search,137,565,1452,0.0228,806,500
2026-03-08T19:00:00,/api/users,41,177,442,0.0021,1412,
2026-03-08T19:00:00,/api/orders,51,203,535,0.0013,815,
2026-03-08T19:00:00,/api/products,34,144,365,0.0017,1452,
2026-03-08T19:00:00,/api/search,91,374,963,0.0025,592,
2026-03-08T20:00:00,/api/users,43,183,458,0.0037,1416,
2026-03-08T20:00:00,/api/orders,45,179,473,0.0035,789,
2026-03-08T20:00:00,/api/products,41,177,449,0.0021,1328,
2026-03-08T20:00:00,/api/search,91,374,962,0.002,526,
2026-03-08T21:00:00,/api/users,38,164,411,0.0017,1094,
2026-03-08T21:00:00,/api/orders,59,237,624,0.0024,866,
2026-03-08T21:00:00,/api/products,31,135,341,0.004,1438,
2026-03-08T21:00:00,/api/search,97,400,1029,0.0016,522,
2026-03-08T22:00:00,/api/users,41,174,435,0.0012,1316,
2026-03-08T22:00:00,/api/orders,54,215,567,0.0038,918,
2026-03-08T22:00:00,/api/products,34,148,374,0.0036,1283,
2026-03-08T22:00:00,/api/search,93,385,990,0.0018,687,
2026-03-08T23:00:00,/api/users,43,186,464,0.0039,1424,
2026-03-08T23:00:00,/api/orders,49,195,514,0.0019,898,
2026-03-08T23:00:00,/api/products,40,173,438,0.0026,1478,
2026-03-08T23:00:00,/api/search,94,388,997,0.0027,686,
2026-03-09T00:00:00,/api/users,23,100,251,0.0026,636,
2026-03-09T00:00:00,/api/orders,30,120,316,0.0013,374,
2026-03-09T00:00:00,/api/products,16,67,169,0.0027,663,
2026-03-09T00:00:00,/api/search,40,166,426,0.0027,270,
2026-03-09T01:00:00,/api/users,19,80,201,0.0035,618,
2026-03-09T01:00:00,/api/orders,29,116,305,0.0024,372,
2026-03-09T01:00:00,/api/products,17,75,189,0.0028,676,
2026-03-09T01:00:00,/api/search,44,180,463,0.0036,301,
2026-03-09T02:00:00,/api/users,23,98,245,0.0022,643,
2026-03-09T02:00:00,/api/orders,22,90,237,0.0024,386,
2026-03-09T02:00:00,/api/products,14,62,157,0.0026,650,
2026-03-09T02:00:00,/api/search,42,175,449,0.0026,283,
2026-03-09T03:00:00,/api/users,24,105,262,0.0011,584,
2026-03-09T03:00:00,/api/orders,26,104,275,0.0015,443,
2026-03-09T03:00:00,/api/products,20,87,221,0.0027,845,
2026-03-09T03:00:00,/api/search,41,171,439,0.0033,332,
2026-03-09T04:00:00,/api/users,22,94,236,0.0039,696,
2026-03-09T04:00:00,/api/orders,28,110,290,0.0019,343,
2026-03-09T04:00:00,/api/products,17,73,185,0.0027,718,
2026-03-09T04:00:00,/api/search,51,209,537,0.0022,278,
2026-03-09T05:00:00,/api/users,24,102,254,0.0033,543,
2026-03-09T05:00:00,/api/orders,32,127,335,0.004,395,
2026-03-09T05:00:00,/api/products,20,85,214,0.0019,684,
2026-03-09T05:00:00,/api/search,47,194,499,0.0012,257,
2026-03-09T06:00:00,/api/users,37,160,401,0.0026,1387,
2026-03-09T06:00:00,/api/orders,46,185,488,0.0025,860,
2026-03-09T06:00:00,/api/products,30,130,329,0.0014,1293,
2026-03-09T06:00:00,/api/search,86,354,911,0.0033,656,
2026-03-09T07:00:00,/api/users,38,161,403,0.0032,1362,
2026-03-09T07:00:00,/api/orders,55,220,579,0.0015,781,
2026-03-09T07:00:00,/api/products,36,155,393,0.0019,1427,
2026-03-09T07:00:00,/api/search,81,335,862,0.0015,539,
2026-03-09T08:00:00,/api/users,36,153,382,0.0028,1139,
2026-03-09T08:00:00,/api/orders,63,251,663,0.0034,819,
2026-03-09T08:00:00,/api/products,29,124,315,0.0022,1408,
2026-03-09T08:00:00,/api/search,75,311,799,0.0035,620,
2026-03-09T09:00:00,/api/users,50,214,535,0.0016,1827,
2026-03-09T09:00:00,/api/orders,60,241,635,0.0023,894,
2026-03-09T09:00:00,/api/products,51,219,555,0.0012,2074,
2026-03-09T09:00:00,/api/search,131,539,1385,0.004,708,
2026-03-09T10:00:00,/api/users,51,218,546,0.0012,1776,
2026-03-09T10:00:00,/api/orders,72,288,759,0.0035,1252,
2026-03-09T10:00:00,/api/products,53,228,579,0.0029,1907,
2026-03-09T10:00:00,/api/search,106,437,1123,0.0031,855,
2026-03-09T11:00:00,/api/users,67,287,719,0.0011,1659,
2026-03-09T11:00:00,/api/orders,94,375,989,0.0014,1197,
2026-03-09T11:00:00,/api/products,42,178,451,0.0026,2087,
2026-03-09T11:00:00,/api/search,145,598,1538,0.0013,816,
2026-03-09T12:00:00,/api/users,58,249,621,0.0037,2116,
2026-03-09T12:00:00,/api/orders,78,313,825,0.0023,1097,
2026-03-09T12:00:00,/api/products,47,201,508,0.0025,1905,
2026-03-09T12:00:00,/api/search,135,556,1430,0.0011,870,
2026-03-09T13:00:00,/api/users,72,307,768,0.0022,2148,
2026-03-09T13:00:00,/api/orders,89,355,935,0.0012,1300,
2026-03-09T13:00:00,/api/products,49,209,529,0.0012,2126,
2026-03-09T13:00:00,/api/search,113,466,1198,0.0022,810,
2026-03-09T14:00:00,/api/users,67,287,717,0.0019,1974,
2026-03-09T14:00:00,/api/orders,93,372,980,0.0039,1313,
2026-03-09T14:00:00,/api/products,43,182,462,0.0027,1924,
2026-03-09T14:00:00,/api/search,148,610,1568,0.0039,885,
2026-03-09T15:00:00,/api/users,52,221,552,0.0022,2049,
2026-03-09T15:00:00,/api/orders,82,329,869,0.0024,1117,
2026-03-09T15:00:00,/api/products,53,227,575,0.0024,2343,
2026-03-09T15:00:00,/api/search,137,563,1448,0.0024,809,
2026-03-09T16:00:00,/api/users,54,231,577,0.0037,1884,
2026-03-09T16:00:00,/api/orders,84,336,886,0.0013,1182,
2026-03-09T16:00:00,/api/products,50,215,545,0.0027,1976,
2026-03-09T16:00:00,/api/search,118,488,1254,0.0022,974,
2026-03-09T17:00:00,/api/users,55,236,589,0.0023,1675,
2026-03-09T17:00:00,/api/orders,87,347,916,0.0039,1147,
2026-03-09T17:00:00,/api/products,43,183,465,0.0029,1882,
2026-03-09T17:00:00,/api/search,123,508,1307,0.0027,795,
2026-03-09T18:00:00,/api/users,47,201,501,0.0018,1563,
2026-03-09T18:00:00,/api/orders,77,310,817,0.0028,958,
2026-03-09T18:00:00,/api/products,54,230,582,0.0017,1905,
2026-03-09T18:00:00,/api/search,127,523,1345,0.0018,666,
2026-03-09T19:00:00,/api/users,46,199,497,0.0017,1331,
2026-03-09T19:00:00,/api/orders,60,242,637,0.0015,837,
2026-03-09T19:00:00,/api/products,39,166,420,0.0014,1530,
2026-03-09T19:00:00,/api/search,86,355,914,0.0021,513,
2026-03-09T20:00:00,/api/users,45,191,479,0.0029,1392,
2026-03-09T20:00:00,/api/orders,52,210,553,0.0014,878,
2026-03-09T20:00:00,/api/products,40,171,432,0.0022,1309,
2026-03-09T20:00:00,/api/search,98,402,1035,0.0027,632,
2026-03-09T21:00:00,/api/users,45,192,480,0.0034,1396,
2026-03-09T21:00:00,/api/orders,47,187,493,0.0032,680,
2026-03-09T21:00:00,/api/products,30,129,327,0.0023,1656,
2026-03-09T21:00:00,/api/search,76,311,799,0.0028,618,
2026-03-09T22:00:00,/api/users,49,210,524,0.0037,1127,
2026-03-09T22:00:00,/api/orders,57,228,600,0.0022,847,
2026-03-09T22:00:00,/api/products,39,166,420,0.0013,1434,
2026-03-09T22:00:00,/api/search,89,368,947,0.0038,582,
2026-03-09T23:00:00,/api/users,47,202,504,0.0015,1409,
2026-03-09T23:00:00,/api/orders,62,248,654,0.0031,880,
2026-03-09T23:00:00,/api/products,32,137,346,0.0032,1474,
2026-03-09T23:00:00,/api/search,96,397,1021,0.0038,615,
2026-03-10T00:00:00,/api/users,23,101,251,0.0015,679,
2026-03-10T00:00:00,/api/orders,23,94,248,0.0034,446,
2026-03-10T00:00:00,/api/products,18,75,191,0.0034,645,
2026-03-10T00:00:00,/api/search,37,152,390,0.0015,264,
2026-03-10T01:00:00,/api/users,21,91,228,0.0014,591,
2026-03-10T01:00:00,/api/orders,26,104,275,0.0038,361,
2026-03-10T01:00:00,/api/products,19,81,205,0.0023,642,
2026-03-10T01:00:00,/api/search,49,200,514,0.004,295,
2026-03-10T02:00:00,/api/users,17,73,181,0.0029,558,
2026-03-10T02:00:00,/api/orders,33,132,347,0.0031,359,
2026-03-10T02:00:00,/api/products,15,63,159,0.0035,858,
2026-03-10T02:00:00,/api/search,50,205,528,0.001,276,
2026-03-10T03:00:00,/api/users,23,100,251,0.0022,546,
2026-03-10T03:00:00,/api/orders,27,110,289,0.0023,418,
2026-03-10T03:00:00,/api/products,20,84,213,0.0011,843,
2026-03-10T03:00:00,/api/search,47,193,496,0.0014,316,
2026-03-10T04:00:00,/api/users,20,87,218,0.0038,597,
2026-03-10T04:00:00,/api/orders,28,112,295,0.0029,387,
2026-03-10T04:00:00,/api/products,21,89,226,0.0021,657,
2026-03-10T04:00:00,/api/search,43,178,457,0.0011,283,
2026-03-10T05:00:00,/api/users,25,105,263,0.0031,601,
2026-03-10T05:00:00,/api/orders,32,127,334,0.0022,391,
2026-03-10T05:00:00,/api/products,15,66,167,0.0024,828,
2026-03-10T05:00:00,/api/search,34,141,362,0.0019,327,
2026-03-10T06:00:00,/api/users,40,170,426,0.0024,1133,
2026-03-10T06:00:00,/api/orders,52,206,544,0.0037,814,
2026-03-10T06:00:00,/api/products,29,123,313,0.0026,1691,
2026-03-10T06:00:00,/api/search,69,283,727,0.001,617,
2026-03-10T07:00:00,/api/users,42,179,449,0.0032,1343,
2026-03-10T07:00:00,/api/orders,45,181,478,0.0017,691,
2026-03-10T07:00:00,/api/products,42,179,453,0.0019,1696,
2026-03-10T07:00:00,/api/search,80,327,842,0.0015,657,
2026-03-10T08:00:00,/api/users,34,145,362,0.0026,1314,
2026-03-10T08:00:00,/api/orders,57,229,604,0.003,907,
2026-03-10T08:00:00,/api/products,30,129,328,0.0022,1443,
2026-03-10T08:00:00,/api/search,73,300,770,0.0036,551,
2026-03-10T09:00:00,/api/users,45,195,486,0.0017,1474,
2026-03-10T09:00:00,/api/orders,64,255,671,0.0013,1010,
2026-03-10T09:00:00,/api/products,38,165,418,0.0032,1995,
2026-03-10T09:00:00,/api/search,114,468,1204,0.0017,670,
2026-03-10T10:00:00,/api/users,65,276,691,0.0038,1922,
2026-03-10T10:00:00,/api/orders,81,322,850,0.0028,1049,
2026-03-10T10:00:00,/api/products,44,190,481,0.003,2076,
2026-03-10T10:00:00,/api/search,109,448,1151,0.0023,748,
2026-03-10T11:00:00,/api/users,72,307,767,0.0036,1821,
2026-03-10T11:00:00,/api/orders,71,285,752,0.0014,1259,
2026-03-10T11:00:00,/api/products,52,221,560,0.0013,2000,
2026-03-10T11:00:00,/api/search,142,584,1503,0.0013,754,
2026-03-10T12:00:00,/api/users,62,265,662,0.0014,2103,
2026-03-10T12:00:00,/api/orders,93,372,982,0.0013,1339,
2026-03-10T12:00:00,/api/products,61,263,666,0.0021,2038,
2026-03-10T12:00:00,/api/search,120,495,1273,0.0029,840,
2026-03-10T13:00:00,/api/users,65,281,701,0.0025,1725,
2026-03-10T13:00:00,/api/orders,94,377,993,0.0038,1196,
2026-03-10T13:00:00,/api/products,54,232,587,0.0038,2022,
2026-03-10T13:00:00,/api/search,142,583,1499,0.004,770,
2026-03-10T14:00:00,/api/users,62,264,661,0.0024,1810,
2026-03-10T14:00:00,/api/orders,72,289,761,0.0039,1096,
2026-03-10T14:00:00,/api/products,55,234,594,0.0037,2258,
2026-03-10T14:00:00,/api/search,118,484,1245,0.002,798,
2026-03-10T15:00:00,/api/users,51,219,546,0.0015,2009,
2026-03-10T15:00:00,/api/orders,88,353,931,0.0035,1290,
2026-03-10T15:00:00,/api/products,56,242,613,0.0012,2427,
2026-03-10T15:00:00,/api/search,116,477,1227,0.0028,752,
2026-03-10T16:00:00,/api/users,53,226,566,0.0032,1793,
2026-03-10T16:00:00,/api/orders,66,265,698,0.0023,1126,
2026-03-10T16:00:00,/api/products,57,246,622,0.002,2175,
2026-03-10T16:00:00,/api/search,139,573,1473,0.0038,874,
2026-03-10T17:00:00,/api/users,65,279,699,0.0023,1760,
2026-03-10T17:00:00,/api/orders,82,328,864,0.0026,1078,
2026-03-10T17:00:00,/api/products,42,181,459,0.0039,1987,
2026-03-10T17:00:00,/api/search,94,388,998,0.0032,904,
2026-03-10T18:00:00,/api/users,45,194,485,0.0026,1696,
2026-03-10T18:00:00,/api/orders,59,236,621,0.0033,1183,
2026-03-10T18:00:00,/api/products,51,219,556,0.0029,1681,
2026-03-10T18:00:00,/api/search,113,465,1195,0.0026,768,
2026-03-10T19:00:00,/api/users,35,149,373,0.0032,1063,
2026-03-10T19:00:00,/api/orders,55,218,575,0.0037,760,
2026-03-10T19:00:00,/api/products,33,143,362,0.0031,1651,
2026-03-10T19:00:00,/api/search,85,351,902,0.003,592,
2026-03-10T20:00:00,/api/users,42,180,449,0.0023,1297,
2026-03-10T20:00:00,/api/orders,63,252,665,0.0017,727,
2026-03-10T20:00:00,/api/products,28,121,306,0.0018,1280,
2026-03-10T20:00:00,/api/search,88,362,930,0.0026,595,
2026-03-10T21:00:00,/api/users,44,189,472,0.003,1136,
2026-03-10T21:00:00,/api/orders,61,245,646,0.0013,892,
2026-03-10T21:00:00,/api/products,33,142,361,0.0034,1598,
2026-03-10T21:00:00,/api/search,86,355,912,0.0024,569,
2026-03-10T22:00:00,/api/users,40,172,431,0.0036,1131,
2026-03-10T22:00:00,/api/orders,56,225,594,0.0015,840,
2026-03-10T22:00:00,/api/products,39,169,428,0.0023,1678,
2026-03-10T22:00:00,/api/search,85,351,902,0.0029,668,
2026-03-10T23:00:00,/api/users,48,205,513,0.002,1426,
2026-03-10T23:00:00,/api/orders,45,180,475,0.0037,905,
2026-03-10T23:00:00,/api/products,30,129,328,0.0033,1300,
2026-03-10T23:00:00,/api/search,96,395,1016,0.0028,659,
2026-03-11T00:00:00,/api/users,24,104,261,0.0034,639,
2026-03-11T00:00:00,/api/orders,30,122,321,0.0023,453,
2026-03-11T00:00:00,/api/products,15,65,164,0.0015,731,
2026-03-11T00:00:00,/api/search,50,206,529,0.0029,259,
2026-03-11T01:00:00,/api/users,20,87,219,0.0035,589,
2026-03-11T01:00:00,/api/orders,24,96,253,0.0017,347,
2026-03-11T01:00:00,/api/products,20,87,221,0.0012,765,
2026-03-11T01:00:00,/api/search,42,171,440,0.0024,296,
2026-03-11T02:00:00,/api/users,19,82,205,0.0014,611,
2026-03-11T02:00:00,/api/orders,25,98,259,0.0029,427,
2026-03-11T02:00:00,/api/products,15,63,161,0.0019,723,
2026-03-11T02:00:00,/api/search,36,148,381,0.0033,291,
2026-03-11T03:00:00,/api/users,24,103,259,0.0033,537,
2026-03-11T03:00:00,/api/orders,23,93,246,0.0035,374,
2026-03-11T03:00:00,/api/products,18,78,198,0.0038,709,
2026-03-11T03:00:00,/api/search,35,142,366,0.0023,342,
2026-03-11T04:00:00,/api/users,17,74,184,0.0035,655,
2026-03-11T04:00:00,/api/orders,31,123,324,0.0017,371,
2026-03-11T04:00:00,/api/products,17,74,187,0.0038,683,
2026-03-11T04:00:00,/api/search,51,210,539,0.0037,276,
2026-03-11T05:00:00,/api/users,20,88,219,0.001,653,
2026-03-11T05:00:00,/api/orders,24,96,254,0.0024,387,
2026-03-11T05:00:00,/api/products,15,63,160,0.0037,654,
2026-03-11T05:00:00,/api/search,42,171,440,0.0022,292,
2026-03-11T06:00:00,/api/users,50,215,538,0.0019,1418,
2026-03-11T06:00:00,/api/orders,60,241,636,0.0025,790,
2026-03-11T06:00:00,/api/products,39,167,423,0.0026,1392,
2026-03-11T06:00:00,/api/search,94,386,991,0.0015,570,
2026-03-11T07:00:00,/api/users,41,176,440,0.001,1199,
2026-03-11T07:00:00,/api/orders,50,200,526,0.0029,765,
2026-03-11T07:00:00,/api/products,40,170,432,0.0019,1604,
2026-03-11T07:00:00,/api/search,77,318,819,0.0035,651,
2026-03-11T08:00:00,/api/users,47,202,506,0.0025,1417,
2026-03-11T08:00:00,/api/orders,55,220,581,0.0038,907,
2026-03-11T08:00:00,/api/products,32,136,344,0.0033,1689,
2026-03-11T08:00:00,/api/search,72,296,762,0.0039,557,
2026-03-11T09:00:00,/api/users,54,233,583,0.0029,1395,
2026-03-11T09:00:00,/api/orders,67,269,709,0.0034,1138,
2026-03-11T09:00:00,/api/products,51,217,551,0.0035,2007,
2026-03-11T09:00:00,/api/search,126,518,1332,0.0036,789,
2026-03-11T10:00:00,/api/users,50,215,536,0.002,1466,
2026-03-11T10:00:00,/api/orders,68,272,716,0.0011,1066,
2026-03-11T10:00:00,/api/products,54,231,585,0.001,2293,
2026-03-11T10:00:00,/api/search,123,509,1308,0.0033,853,
2026-03-11T11:00:00,/api/users,58,250,625,0.0036,1658,
2026-03-11T11:00:00,/api/orders,91,363,958,0.0034,1005,
2026-03-11T11:00:00,/api/products,47,203,513,0.0033,2149,
2026-03-11T11:00:00,/api/search,127,524,1346,0.0017,916,
2026-03-11T12:00:00,/api/users,60,259,648,0.0031,1940,
2026-03-11T12:00:00,/api/orders,65,261,689,0.0011,1325,
2026-03-11T12:00:00,/api/products,42,180,457,0.0037,2131,
2026-03-11T12:00:00,/api/search,113,465,1197,0.0029,901,
2026-03-11T13:00:00,/api/users,56,239,596,0.0032,1857,
2026-03-11T13:00:00,/api/orders,77,308,811,0.0028,1288,
2026-03-11T13:00:00,/api/products,58,247,626,0.0022,2297,
2026-03-11T13:00:00,/api/search,114,471,1211,0.0028,815,
2026-03-11T14:00:00,/api/users,56,239,596,0.0027,1938,
2026-03-11T14:00:00,/api/orders,67,266,702,0.0012,1229,
2026-03-11T14:00:00,/api/products,57,245,620,0.0017,2194,
2026-03-11T14:00:00,/api/search,103,424,1091,0.0028,858,
2026-03-11T15:00:00,/api/users,68,292,731,0.0016,1590,
2026-03-11T15:00:00,/api/orders,176,706,1861,0.0354,1278,network
2026-03-11T15:00:00,/api/products,45,194,491,0.0033,2298,
2026-03-11T15:00:00,/api/search,101,418,1074,0.0032,945,
2026-03-11T16:00:00,/api/users,70,298,745,0.0033,1887,
2026-03-11T16:00:00,/api/orders,85,338,891,0.0017,1197,
2026-03-11T16:00:00,/api/products,47,201,508,0.0026,2094,
2026-03-11T16:00:00,/api/search,125,515,1326,0.0036,761,
2026-03-11T17:00:00,/api/users,63,272,679,0.0022,1855,
2026-03-11T17:00:00,/api/orders,122,487,1284,0.0449,1041,timeout
2026-03-11T17:00:00,/api/products,44,187,474,0.0035,2087,
2026-03-11T17:00:00,/api/search,135,554,1425,0.001,737,
2026-03-11T18:00:00,/api/users,58,247,618,0.0013,1699,
2026-03-11T18:00:00,/api/orders,66,263,694,0.0023,895,
2026-03-11T18:00:00,/api/products,46,199,504,0.0031,2153,
2026-03-11T18:00:00,/api/search,99,407,1045,0.0033,688,
2026-03-11T19:00:00,/api/users,48,206,515,0.0023,1333,
2026-03-11T19:00:00,/api/orders,53,211,556,0.003,895,
2026-03-11T19:00:00,/api/products,28,121,306,0.0018,1705,
2026-03-11T19:00:00,/api/search,96,394,1014,0.0028,575,
2026-03-11T20:00:00,/api/users,44,190,474,0.0028,1341,
2026-03-11T20:00:00,/api/orders,64,256,676,0.0029,816,
2026-03-11T20:00:00,/api/products,34,148,374,0.0024,1456,
2026-03-11T20:00:00,/api/search,69,284,729,0.0023,584,
2026-03-11T21:00:00,/api/users,44,190,475,0.0038,1226,
2026-03-11T21:00:00,/api/orders,60,240,634,0.0037,841,
2026-03-11T21:00:00,/api/products,39,169,427,0.0031,1408,
2026-03-11T21:00:00,/api/search,83,340,874,0.0032,567,
2026-03-11T22:00:00,/api/users,36,155,387,0.0014,1430,
2026-03-11T22:00:00,/api/orders,64,256,674,0.0032,915,
2026-03-11T22:00:00,/api/products,33,139,353,0.0021,1414,
2026-03-11T22:00:00,/api/search,81,334,860,0.0019,623,
2026-03-11T23:00:00,/api/users,38,161,403,0.0033,1084,
2026-03-11T23:00:00,/api/orders,50,199,525,0.0036,822,
2026-03-11T23:00:00,/api/products,36,154,390,0.0039,1347,
2026-03-11T23:00:00,/api/search,101,415,1068,0.0019,662,
2026-03-12T00:00:00,/api/users,19,80,201,0.0026,603,
2026-03-12T00:00:00,/api/orders,27,108,284,0.003,379,
2026-03-12T00:00:00,/api/products,19,82,208,0.0031,853,
2026-03-12T00:00:00,/api/search,37,151,389,0.0016,288,
2026-03-12T01:00:00,/api/users,17,74,186,0.0018,615,
2026-03-12T01:00:00,/api/orders,30,120,316,0.0034,393,
2026-03-12T01:00:00,/api/products,15,66,167,0.0035,809,
2026-03-12T01:00:00,/api/search,47,192,495,0.0019,286,
2026-03-12T02:00:00,/api/users,18,76,190,0.0013,613,
2026-03-12T02:00:00,/api/orders,27,106,281,0.0021,382,
2026-03-12T02:00:00,/api/products,18,77,195,0.0028,768,
2026-03-12T02:00:00,/api/search,46,191,492,0.0011,287,
2026-03-12T03:00:00,/api/users,24,103,256,0.0019,654,
2026-03-12T03:00:00,/api/orders,33,131,344,0.0032,417,
2026-03-12T03:00:00,/api/products,19,83,209,0.0013,758,
2026-03-12T03:00:00,/api/search,41,170,438,0.0022,304,
2026-03-12T04:00:00,/api/users,19,80,201,0.0025,585,
2026-03-12T04:00:00,/api/orders,25,99,262,0.0013,396,
2026-03-12T04:00:00,/api/products,20,86,218,0.0019,840,
2026-03-12T04:00:00,/api/search,36,146,377,0.0036,263,
2026-03-12T05:00:00,/api/users,23,100,251,0.0039,574,
2026-03-12T05:00:00,/api/orders,26,102,269,0.0014,356,
2026-03-12T05:00:00,/api/products,18,75,190,0.0037,668,
2026-03-12T05:00:00,/api/search,51,210,539,0.0035,307,
2026-03-12T06:00:00,/api/users,47,202,506,0.0013,1351,
2026-03-12T06:00:00,/api/orders,56,222,586,0.0026,846,
2026-03-12T06:00:00,/api/products,36,156,396,0.0024,1335,
2026-03-12T06:00:00,/api/search,69,285,733,0.0013,591,
2026-03-12T07:00:00,/api/users,34,145,363,0.0025,1127,
2026-03-12T07:00:00,/api/orders,48,192,507,0.0014,838,
2026-03-12T07:00:00,/api/products,33,140,354,0.0019,1630,
2026-03-12T07:00:00,/api/search,74,304,781,0.0015,644,
2026-03-12T08:00:00,/api/users,40,171,428,0.0025,1145,
2026-03-12T08:00:00,/api/orders,49,197,520,0.0013,699,
2026-03-12T08:00:00,/api/products,40,170,430,0.0031,1455,
2026-03-12T08:00:00,/api/search,99,407,1047,0.0033,671,
2026-03-12T09:00:00,/api/users,62,268,669,0.0014,1514,
2026-03-12T09:00:00,/api/orders,64,257,677,0.0018,1153,
2026-03-12T09:00:00,/api/products,53,225,571,0.003,2213,
2026-03-12T09:00:00,/api/search,96,394,1012,0.0019,859,
2026-03-12T10:00:00,/api/users,136,583,1459,0.0282,1769,500
2026-03-12T10:00:00,/api/orders,61,245,647,0.0031,1255,
2026-03-12T10:00:00,/api/products,45,192,487,0.0017,2052,
2026-03-12T10:00:00,/api/search,131,539,1387,0.0033,826,
2026-03-12T11:00:00,/api/users,49,208,521,0.0012,1710,
2026-03-12T11:00:00,/api/orders,68,272,718,0.0017,1313,
2026-03-12T11:00:00,/api/products,57,246,623,0.0017,2066,
2026-03-12T11:00:00,/api/search,102,418,1075,0.0038,925,
2026-03-12T12:00:00,/api/users,72,308,770,0.0021,1839,
2026-03-12T12:00:00,/api/orders,90,358,945,0.0027,1102,
2026-03-12T12:00:00,/api/products,46,199,504,0.0011,1998,
2026-03-12T12:00:00,/api/search,102,418,1076,0.0037,889,
2026-03-12T13:00:00,/api/users,74,318,796,0.0033,1697,
2026-03-12T13:00:00,/api/orders,80,319,841,0.0013,1149,
2026-03-12T13:00:00,/api/products,56,240,608,0.0011,2182,
2026-03-12T13:00:00,/api/search,146,603,1551,0.0012,882,
2026-03-12T14:00:00,/api/users,71,304,759,0.0018,2044,
2026-03-12T14:00:00,/api/orders,70,278,733,0.0019,1367,
2026-03-12T14:00:00,/api/products,50,214,543,0.0033,2173,
2026-03-12T14:00:00,/api/search,139,573,1473,0.0017,931,
2026-03-12T15:00:00,/api/users,73,315,787,0.0019,2079,
2026-03-12T15:00:00,/api/orders,88,351,926,0.0016,1250,
2026-03-12T15:00:00,/api/products,56,239,606,0.0017,2109,
2026-03-12T15:00:00,/api/search,145,595,1531,0.0028,914,
2026-03-12T16:00:00,/api/users,53,228,570,0.0012,1735,
2026-03-12T16:00:00,/api/orders,73,292,770,0.0018,1037,
2026-03-12T16:00:00,/api/products,44,188,475,0.0018,2422,
2026-03-12T16:00:00,/api/search,104,430,1106,0.0032,981,
2026-03-12T17:00:00,/api/users,53,225,564,0.0012,1540,
2026-03-12T17:00:00,/api/orders,90,358,945,0.0035,1076,
2026-03-12T17:00:00,/api/products,39,168,426,0.0025,2069,
2026-03-12T17:00:00,/api/search,121,496,1276,0.0031,748,
2026-03-12T18:00:00,/api/users,56,238,595,0.0026,1736,
2026-03-12T18:00:00,/api/orders,77,309,815,0.0032,887,
2026-03-12T18:00:00,/api/products,40,171,432,0.0013,1885,
2026-03-12T18:00:00,/api/search,103,425,1093,0.0027,803,
2026-03-12T19:00:00,/api/users,44,189,471,0.0021,1326,
2026-03-12T19:00:00,/api/orders,44,178,469,0.0018,794,
2026-03-12T19:00:00,/api/products,39,165,418,0.0027,1667,
2026-03-12T19:00:00,/api/search,96,394,1014,0.0039,560,
2026-03-12T20:00:00,/api/users,35,148,371,0.0016,1237,
2026-03-12T20:00:00,/api/orders,55,219,578,0.0025,869,
2026-03-12T20:00:00,/api/products,28,122,308,0.0029,1414,
2026-03-12T20:00:00,/api/search,100,411,1056,0.0038,610,
2026-03-12T21:00:00,/api/users,37,157,391,0.0012,1232,
2026-03-12T21:00:00,/api/orders,45,179,473,0.0011,752,
2026-03-12T21:00:00,/api/products,30,127,323,0.0017,1708,
2026-03-12T21:00:00,/api/search,85,350,899,0.0015,549,
2026-03-12T22:00:00,/api/users,43,184,461,0.0018,1123,
2026-03-12T22:00:00,/api/orders,61,244,643,0.0015,731,
2026-03-12T22:00:00,/api/products,40,172,436,0.0037,1467,
2026-03-12T22:00:00,/api/search,91,374,961,0.0014,614,
2026-03-12T23:00:00,/api/users,45,191,477,0.0021,1095,
2026-03-12T23:00:00,/api/orders,51,205,541,0.0025,753,
2026-03-12T23:00:00,/api/products,42,179,452,0.0037,1497,
2026-03-12T23:00:00,/api/search,68,281,722,0.0036,660,
2026-03-13T00:00:00,/api/users,19,80,200,0.0037,555,
2026-03-13T00:00:00,/api/orders,32,127,335,0.0014,435,
2026-03-13T00:00:00,/api/products,18,76,193,0.0019,847,
2026-03-13T00:00:00,/api/search,38,158,407,0.0032,340,
2026-03-13T01:00:00,/api/users,21,90,224,0.0032,607,
2026-03-13T01:00:00,/api/orders,33,131,344,0.0015,395,
2026-03-13T01:00:00,/api/products,16,69,174,0.0022,785,
2026-03-13T01:00:00,/api/search,49,202,518,0.0028,291,
2026-03-13T02:00:00,/api/users,22,94,235,0.0038,534,
2026-03-13T02:00:00,/api/orders,24,96,254,0.0036,434,
2026-03-13T02:00:00,/api/products,20,87,220,0.0022,712,
2026-03-13T02:00:00,/api/search,41,167,430,0.002,265,
2026-03-13T03:00:00,/api/users,23,98,246,0.0035,685,
2026-03-13T03:00:00,/api/orders,29,116,305,0.0026,382,
2026-03-13T03:00:00,/api/products,15,66,167,0.0024,788,
2026-03-13T03:00:00,/api/search,36,150,386,0.003,295,
2026-03-13T04:00:00,/api/users,23,99,248,0.0027,703,
2026-03-13T04:00:00,/api/orders,31,124,327,0.0025,392,
2026-03-13T04:00:00,/api/products,19,80,201,0.0037,648,
2026-03-13T04:00:00,/api/search,49,203,521,0.0012,313,
2026-03-13T05:00:00,/api/users,19,80,201,0.0026,542,
2026-03-13T05:00:00,/api/orders,33,131,346,0.0037,437,
2026-03-13T05:00:00,/api/products,21,89,226,0.0035,742,
2026-03-13T05:00:00,/api/search,49,202,520,0.0021,320,
2026-03-13T06:00:00,/api/users,48,205,513,0.0036,1093,
2026-03-13T06:00:00,/api/orders,49,195,514,0.002,881,
2026-03-13T06:00:00,/api/products,29,125,316,0.0036,1499,
2026-03-13T06:00:00,/api/search,71,292,752,0.003,532,
2026-03-13T07:00:00,/api/users,47,200,501,0.0029,1084,
2026-03-13T07:00:00,/api/orders,47,189,497,0.0033,756,
2026-03-13T07:00:00,/api/products,36,156,396,0.0032,1596,
2026-03-13T07:00:00,/api/search,88,364,936,0.0029,512,
2026-03-13T08:00:00,/api/users,50,214,536,0.0021,1371,
2026-03-13T08:00:00,/api/orders,45,181,477,0.0012,854,
2026-03-13T08:00:00,/api/products,40,173,437,0.0027,1326,
2026-03-13T08:00:00,/api/search,80,330,848,0.0019,523,
2026-03-13T09:00:00,/api/users,52,223,557,0.0011,1513,
2026-03-13T09:00:00,/api/orders,137,548,1446,0.0316,901,timeout
2026-03-13T09:00:00,/api/products,42,180,456,0.0011,1742,
2026-03-13T09:00:00,/api/search,273,1123,2888,0.0203,758,network
2026-03-13T10:00:00,/api/users,68,293,733,0.0038,1800,
2026-03-13T10:00:00,/api/orders,73,291,766,0.0036,1040,
2026-03-13T10:00:00,/api/products,52,224,566,0.0021,2084,
2026-03-13T10:00:00,/api/search,120,494,1270,0.0011,704,
2026-03-13T11:00:00,/api/users,60,256,639,0.0011,1535,
2026-03-13T11:00:00,/api/orders,73,293,771,0.0038,1014,
2026-03-13T11:00:00,/api/products,55,235,595,0.0015,2002,
2026-03-13T11:00:00,/api/search,138,569,1463,0.0025,794,
2026-03-13T12:00:00,/api/users,51,218,546,0.002,1967,
2026-03-13T12:00:00,/api/orders,75,299,788,0.0022,1008,
2026-03-13T12:00:00,/api/products,45,193,489,0.0036,2272,
2026-03-13T12:00:00,/api/search,126,518,1333,0.0023,823,
2026-03-13T13:00:00,/api/users,67,288,720,0.0015,1650,
2026-03-13T13:00:00,/api/orders,97,390,1027,0.0027,1164,
2026-03-13T13:00:00,/api/products,100,428,1083,0.0161,2013,500
2026-03-13T13:00:00,/api/search,107,442,1137,0.0013,824,
2026-03-13T14:00:00,/api/users,63,268,671,0.0035,2032,
2026-03-13T14:00:00,/api/orders,80,322,849,0.0033,1107,
2026-03-13T14:00:00,/api/products,42,180,455,0.0021,2016,
2026-03-13T14:00:00,/api/search,135,557,1432,0.0031,873,
2026-03-13T15:00:00,/api/users,70,300,750,0.0018,2101,
2026-03-13T15:00:00,/api/orders,93,373,984,0.0017,1174,
2026-03-13T15:00:00,/api/products,57,245,621,0.0033,2508,
2026-03-13T15:00:00,/api/search,117,481,1238,0.0017,878,
2026-03-13T16:00:00,/api/users,51,220,551,0.0037,1966,
2026-03-13T16:00:00,/api/orders,90,362,953,0.0026,1059,
2026-03-13T16:00:00,/api/products,58,251,635,0.0011,1890,
2026-03-13T16:00:00,/api/search,115,475,1222,0.0012,974,
2026-03-13T17:00:00,/api/users,62,265,664,0.0035,1955,
2026-03-13T17:00:00,/api/orders,72,288,759,0.0036,1174,
2026-03-13T17:00:00,/api/products,55,235,595,0.004,2167,
2026-03-13T17:00:00,/api/search,132,544,1400,0.002,790,
2026-03-13T18:00:00,/api/users,60,258,644,0.0033,1510,
2026-03-13T18:00:00,/api/orders,67,269,709,0.0017,1081,
2026-03-13T18:00:00,/api/products,54,231,584,0.0013,2219,
2026-03-13T18:00:00,/api/search,106,438,1125,0.002,887,
2026-03-13T19:00:00,/api/users,40,173,432,0.0022,1135,
2026-03-13T19:00:00,/api/orders,55,221,583,0.0015,817,
2026-03-13T19:00:00,/api/products,42,178,451,0.002,1631,
2026-03-13T19:00:00,/api/search,85,351,902,0.0037,577,
2026-03-13T20:00:00,/api/users,40,169,423,0.0029,1232,
2026-03-13T20:00:00,/api/orders,62,246,649,0.0033,806,
2026-03-13T20:00:00,/api/products,37,158,399,0.0019,1501,
2026-03-13T20:00:00,/api/search,95,392,1009,0.002,573,
2026-03-13T21:00:00,/api/users,43,185,463,0.0039,1082,
2026-03-13T21:00:00,/api/orders,57,227,598,0.0033,693,
2026-03-13T21:00:00,/api/products,35,150,380,0.0031,1386,
2026-03-13T21:00:00,/api/search,72,295,758,0.0025,522,
2026-03-13T22:00:00,/api/users,39,169,423,0.004,1410,
2026-03-13T22:00:00,/api/orders,58,231,608,0.0027,825,
2026-03-13T22:00:00,/api/products,40,173,438,0.0026,1530,
2026-03-13T22:00:00,/api/search,85,349,898,0.0038,554,
2026-03-13T23:00:00,/api/users,40,173,432,0.0018,1085,
2026-03-13T23:00:00,/api/orders,50,200,528,0.0014,774,
2026-03-13T23:00:00,/api/products,33,141,356,0.0039,1439,
2026-03-13T23:00:00,/api/search,75,310,797,0.0035,554,
2026-03-14T00:00:00,/api/users,17,72,181,0.0039,589,
2026-03-14T00:00:00,/api/orders,29,117,307,0.0031,421,
2026-03-14T00:00:00,/api/products,16,69,175,0.0023,858,
2026-03-14T00:00:00,/api/search,39,162,415,0.0012,314,
2026-03-14T01:00:00,/api/users,23,99,247,0.0013,577,
2026-03-14T01:00:00,/api/orders,32,128,336,0.0016,452,
2026-03-14T01:00:00,/api/products,16,69,176,0.0028,855,
2026-03-14T01:00:00,/api/search,46,191,492,0.0034,342,
2026-03-14T02:00:00,/api/users,25,106,266,0.0038,698,
2026-03-14T02:00:00,/api/orders,31,125,329,0.0034,364,
2026-03-14T02:00:00,/api/products,16,70,177,0.0031,689,
2026-03-14T02:00:00,/api/search,42,173,446,0.0034,273,
2026-03-14T03:00:00,/api/users,18,76,191,0.0026,654,
2026-03-14T03:00:00,/api/orders,24,96,253,0.001,453,
2026-03-14T03:00:00,/api/products,20,86,217,0.0036,759,
2026-03-14T03:00:00,/api/search,46,190,489,0.002,296,
2026-03-14T04:00:00,/api/users,19,82,204,0.0029,707,
2026-03-14T04:00:00,/api/orders,23,92,242,0.002,340,
2026-03-14T04:00:00,/api/products,14,61,156,0.0015,809,
2026-03-14T04:00:00,/api/search,36,147,379,0.0022,305,
2026-03-14T05:00:00,/api/users,23,99,249,0.0021,580,
2026-03-14T05:00:00,/api/orders,28,112,296,0.0011,384,
2026-03-14T05:00:00,/api/products,16,68,172,0.0022,714,
2026-03-14T05:00:00,/api/search,49,200,516,0.0016,304,
2026-03-14T06:00:00,/api/users,39,167,417,0.0029,1186,
2026-03-14T06:00:00,/api/orders,46,185,489,0.0036,860,
2026-03-14T06:00:00,/api/products,33,144,364,0.0026,1361,
2026-03-14T06:00:00,/api/search,94,386,993,0.0037,663,
2026-03-14T07:00:00,/api/users,42,180,450,0.0035,1269,
2026-03-14T07:00:00,/api/orders,47,189,499,0.0023,752,
2026-03-14T07:00:00,/api/products,28,120,305,0.0023,1581,
2026-03-14T07:00:00,/api/search,96,394,1012,0.0029,543,
2026-03-14T08:00:00,/api/users,35,149,373,0.0033,1313,
2026-03-14T08:00:00,/api/orders,53,213,561,0.0011,714,
2026-03-14T08:00:00,/api/products,34,144,366,0.0034,1302,
2026-03-14T08:00:00,/api/search,76,315,809,0.0026,595,
2026-03-14T09:00:00,/api/users,44,188,471,0.0025,1627,
2026-03-14T09:00:00,/api/orders,63,251,661,0.0026,1087,
2026-03-14T09:00:00,/api/products,53,229,580,0.0028,1767,
2026-03-14T09:00:00,/api/search,117,483,1241,0.0039,879,
2026-03-14T10:00:00,/api/users,66,284,711,0.0019,1573,
2026-03-14T10:00:00,/api/orders,64,255,673,0.0038,1218,
2026-03-14T10:00:00,/api/products,56,239,606,0.0023,2344,
2026-03-14T10:00:00,/api/search,112,462,1189,0.0016,893,
2026-03-14T11:00:00,/api/users,62,266,665,0.0033,1744,
2026-03-14T11:00:00,/api/orders,84,335,884,0.0038,1274,
2026-03-14T11:00:00,/api/products,57,246,624,0.0022,1901,
2026-03-14T11:00:00,/api/search,114,468,1203,0.0017,978,
2026-03-14T12:00:00,/api/users,55,234,586,0.0036,1791,
2026-03-14T12:00:00,/api/orders,170,680,1792,0.0317,1141,429
2026-03-14T12:00:00,/api/products,51,218,553,0.0036,2081,
2026-03-14T12:00:00,/api/search,135,558,1434,0.0021,1000,
2026-03-14T13:00:00,/api/users,66,283,707,0.0018,2003,
2026-03-14T13:00:00,/api/orders,99,394,1040,0.0022,1354,
2026-03-14T13:00:00,/api/products,61,261,661,0.0035,2122,
2026-03-14T13:00:00,/api/search,105,431,1107,0.0032,926,
2026-03-14T14:00:00,/api/users,69,295,738,0.0033,2017,
2026-03-14T14:00:00,/api/orders,70,280,739,0.0015,1245,
2026-03-14T14:00:00,/api/products,51,218,551,0.0038,2186,
2026-03-14T14:00:00,/api/search,127,524,1348,0.0027,998,
2026-03-14T15:00:00,/api/users,141,605,1513,0.0634,1809,500
2026-03-14T15:00:00,/api/orders,75,299,788,0.0024,1013,
2026-03-14T15:00:00,/api/products,50,215,546,0.0039,1891,
2026-03-14T15:00:00,/api/search,133,549,1413,0.0024,906,
2026-03-14T16:00:00,/api/users,66,282,704,0.004,1841,
2026-03-14T16:00:00,/api/orders,91,365,962,0.0032,1177,
2026-03-14T16:00:00,/api/products,51,218,553,0.004,2132,
2026-03-14T16:00:00,/api/search,100,413,1063,0.0018,832,
2026-03-14T17:00:00,/api/users,54,231,577,0.002,1465,
2026-03-14T17:00:00,/api/orders,61,244,643,0.0027,1202,
2026-03-14T17:00:00,/api/products,42,182,460,0.002,1952,
2026-03-14T17:00:00,/api/search,105,431,1108,0.003,749,
2026-03-14T18:00:00,/api/users,50,215,538,0.0019,1839,
2026-03-14T18:00:00,/api/orders,60,240,633,0.004,945,
2026-03-14T18:00:00,/api/products,43,184,466,0.0014,2164,
2026-03-14T18:00:00,/api/search,121,499,1283,0.0029,814,
2026-03-14T19:00:00,/api/users,47,200,500,0.0026,1232,
2026-03-14T19:00:00,/api/orders,57,230,605,0.0038,744,
2026-03-14T19:00:00,/api/products,40,172,435,0.0021,1560,
2026-03-14T19:00:00,/api/search,87,358,921,0.0037,644,
2026-03-14T20:00:00,/api/users,42,179,446,0.0013,1141,
2026-03-14T20:00:00,/api/orders,65,262,690,0.0025,863,
2026-03-14T20:00:00,/api/products,33,141,358,0.0021,1326,
2026-03-14T20:00:00,/api/search,79,327,842,0.0023,660,
2026-03-14T21:00:00,/api/users,40,171,427,0.0038,1405,
2026-03-14T21:00:00,/api/orders,49,197,520,0.0038,729,
2026-03-14T21:00:00,/api/products,33,140,354,0.0034,1289,
2026-03-14T21:00:00,/api/search,91,375,965,0.0037,531,
2026-03-14T22:00:00,/api/users,36,155,388,0.0015,1168,
2026-03-14T22:00:00,/api/orders,46,185,488,0.0029,792,
2026-03-14T22:00:00,/api/products,39,166,421,0.004,1505,
2026-03-14T22:00:00,/api/search,83,340,875,0.0012,565,
2026-03-14T23:00:00,/api/users,43,186,464,0.0038,1169,
2026-03-14T23:00:00,/api/orders,62,246,649,0.0024,908,
2026-03-14T23:00:00,/api/products,31,132,334,0.0032,1544,
2026-03-14T23:00:00,/api/search,70,289,743,0.0025,661,
2026-03-15T00:00:00,/api/users,24,102,255,0.0011,633,
2026-03-15T00:00:00,/api/orders,28,113,297,0.0024,374,
2026-03-15T00:00:00,/api/products,20,87,219,0.0014,697,
2026-03-15T00:00:00,/api/search,44,180,462,0.0039,310,
2026-03-15T01:00:00,/api/users,25,107,267,0.0027,591,
2026-03-15T01:00:00,/api/orders,28,112,295,0.0039,409,
2026-03-15T01:00:00,/api/products,21,89,226,0.0014,730,
2026-03-15T01:00:00,/api/search,38,157,403,0.0011,273,
2026-03-15T02:00:00,/api/users,18,76,191,0.0023,709,
2026-03-15T02:00:00,/api/orders,26,106,278,0.0025,357,
2026-03-15T02:00:00,/api/products,15,66,167,0.0032,669,
2026-03-15T02:00:00,/api/search,39,161,414,0.0027,303,
2026-03-15T03:00:00,/api/users,21,91,226,0.002,652,
2026-03-15T03:00:00,/api/orders,25,102,269,0.003,368,
2026-03-15T03:00:00,/api/products,19,81,206,0.0028,757,
2026-03-15T03:00:00,/api/search,46,188,483,0.0033,280,
2026-03-15T04:00:00,/api/users,20,86,215,0.0017,681,
2026-03-15T04:00:00,/api/orders,32,127,335,0.0014,357,
2026-03-15T04:00:00,/api/products,20,86,218,0.0019,843,
2026-03-15T04:00:00,/api/search,45,186,478,0.0035,334,
2026-03-15T05:00:00,/api/users,19,79,199,0.0027,645,
2026-03-15T05:00:00,/api/orders,23,91,241,0.0026,376,
2026-03-15T05:00:00,/api/products,21,89,226,0.0033,734,
2026-03-15T05:00:00,/api/search,36,147,379,0.0029,312,
2026-03-15T06:00:00,/api/users,42,182,455,0.0039,1379,
2026-03-15T06:00:00,/api/orders,59,236,622,0.0035,895,
2026-03-15T06:00:00,/api/products,36,155,394,0.0027,1305,
2026-03-15T06:00:00,/api/search,79,324,834,0.0029,581,
2026-03-15T07:00:00,/api/users,36,154,384,0.002,1151,
2026-03-15T07:00:00,/api/orders,59,238,626,0.0016,904,
2026-03-15T07:00:00,/api/products,38,163,414,0.0021,1375,
2026-03-15T07:00:00,/api/search,83,340,874,0.0012,617,
2026-03-15T08:00:00,/api/users,45,191,477,0.0039,1075,
2026-03-15T08:00:00,/api/orders,53,214,563,0.0034,830,
2026-03-15T08:00:00,/api/products,32,138,349,0.0021,1646,
2026-03-15T08:00:00,/api/search,75,310,797,0.0033,652,
2026-03-15T09:00:00,/api/users,113,483,1207,0.0683,1638,500
2026-03-15T09:00:00,/api/orders,80,318,839,0.002,1077,
2026-03-15T09:00:00,/api/products,52,225,570,0.0025,1724,
2026-03-15T09:00:00,/api/search,105,434,1116,0.0026,849,
2026-03-15T10:00:00,/api/users,65,277,694,0.0022,1696,
2026-03-15T10:00:00,/api/orders,85,339,893,0.0011,1217,
2026-03-15T10:00:00,/api/products,45,194,492,0.0013,1874,
2026-03-15T10:00:00,/api/search,100,412,1059,0.0011,802,
2026-03-15T11:00:00,/api/users,50,212,531,0.0028,1563,
2026-03-15T11:00:00,/api/orders,65,259,682,0.0039,1061,
2026-03-15T11:00:00,/api/products,54,233,589,0.0016,1929,
2026-03-15T11:00:00,/api/search,111,455,1170,0.0024,806,
2026-03-15T12:00:00,/api/users,53,226,565,0.0028,1681,
2026-03-15T12:00:00,/api/orders,90,361,952,0.003,1127,
2026-03-15T12:00:00,/api/products,43,182,462,0.0027,2233,
2026-03-15T12:00:00,/api/search,416,1713,4405,0.0587,893,timeout
2026-03-15T13:00:00,/api/users,63,271,677,0.0016,2055,
2026-03-15T13:00:00,/api/orders,82,326,859,0.0012,1336,
2026-03-15T13:00:00,/api/products,48,205,520,0.0013,2233,
2026-03-15T13:00:00,/api/search,139,571,1467,0.0038,1028,
2026-03-15T14:00:00,/api/users,58,248,619,0.0024,2137,
2026-03-15T14:00:00,/api/orders,90,358,944,0.0015,1311,
2026-03-15T14:00:00,/api/products,51,218,553,0.0027,2079,
2026-03-15T14:00:00,/api/search,114,471,1210,0.0011,998,
2026-03-15T15:00:00,/api/users,60,258,645,0.0027,2043,
2026-03-15T15:00:00,/api/orders,97,387,1019,0.0013,1151,
2026-03-15T15:00:00,/api/products,62,264,669,0.0012,1929,
2026-03-15T15:00:00,/api/search,237,976,2510,0.0311,878,429
2026-03-15T16:00:00,/api/users,68,291,727,0.002,1872,
2026-03-15T16:00:00,/api/orders,92,368,969,0.0026,1258,
2026-03-15T16:00:00,/api/products,50,216,547,0.0036,2067,
2026-03-15T16:00:00,/api/search,127,523,1345,0.0028,861,
2026-03-15T17:00:00,/api/users,49,209,523,0.0016,1531,
2026-03-15T17:00:00,/api/orders,64,257,678,0.0023,935,
2026-03-15T17:00:00,/api/products,44,189,478,0.0023,1956,
2026-03-15T17:00:00,/api/search,114,470,1210,0.0034,733,
2026-03-15T18:00:00,/api/users,57,243,608,0.0017,1752,
2026-03-15T18:00:00,/api/orders,72,289,762,0.0011,1189,
2026-03-15T18:00:00,/api/products,49,211,535,0.0032,1913,
2026-03-15T18:00:00,/api/search,111,457,1175,0.0028,869,
2026-03-15T19:00:00,/api/users,50,214,535,0.0025,1307,
2026-03-15T19:00:00,/api/orders,46,184,486,0.0028,881,
2026-03-15T19:00:00,/api/products,33,142,360,0.0012,1350,
2026-03-15T19:00:00,/api/search,84,347,893,0.0033,570,
2026-03-15T20:00:00,/api/users,50,214,534,0.0018,1320,
2026-03-15T20:00:00,/api/orders,56,225,592,0.004,834,
2026-03-15T20:00:00,/api/products,33,141,358,0.0038,1493,
2026-03-15T20:00:00,/api/search,82,338,870,0.0017,654,
2026-03-15T21:00:00,/api/users,38,164,410,0.0024,1121,
2026-03-15T21:00:00,/api/orders,50,200,527,0.0012,704,
2026-03-15T21:00:00,/api/products,32,138,350,0.0021,1396,
2026-03-15T21:00:00,/api/search,85,351,902,0.0016,513,
2026-03-15T22:00:00,/api/users,34,147,369,0.0026,1063,
2026-03-15T22:00:00,/api/orders,56,224,591,0.003,705,
2026-03-15T22:00:00,/api/products,38,163,414,0.0037,1618,
2026-03-15T22:00:00,/api/search,101,417,1072,0.0015,514,
2026-03-15T23:00:00,/api/users,34,145,362,0.002,1340,
2026-03-15T23:00:00,/api/orders,63,251,663,0.004,732,
2026-03-15T23:00:00,/api/products,30,127,322,0.0027,1355,
2026-03-15T23:00:00,/api/search,71,292,752,0.0033,554,
2026-03-16T00:00:00,/api/users,25,107,268,0.002,560,
2026-03-16T00:00:00,/api/orders,31,124,327,0.0029,358,
2026-03-16T00:00:00,/api/products,19,82,207,0.002,640,
2026-03-16T00:00:00,/api/search,40,164,423,0.004,319,
2026-03-16T01:00:00,/api/users,19,80,201,0.0029,696,
2026-03-16T01:00:00,/api/orders,25,99,261,0.0016,369,
2026-03-16T01:00:00,/api/products,19,82,207,0.0019,651,
2026-03-16T01:00:00,/api/search,48,196,505,0.0022,257,
2026-03-16T02:00:00,/api/users,23,99,248,0.0022,579,
2026-03-16T02:00:00,/api/orders,26,105,278,0.0012,447,
2026-03-16T02:00:00,/api/products,19,81,206,0.0035,691,
2026-03-16T02:00:00,/api/search,47,194,499,0.0017,334,
2026-03-16T03:00:00,/api/users,18,77,191,0.0018,534,
2026-03-16T03:00:00,/api/orders,25,98,259,0.0035,352,
2026-03-16T03:00:00,/api/products,20,86,217,0.0023,755,
2026-03-16T03:00:00,/api/search,35,145,373,0.0036,259,
2026-03-16T04:00:00,/api/users,19,83,208,0.0034,677,
2026-03-16T04:00:00,/api/orders,29,116,307,0.0014,368,
2026-03-16T04:00:00,/api/products,19,80,204,0.0023,810,
2026-03-16T04:00:00,/api/search,46,188,484,0.0019,334,
2026-03-16T05:00:00,/api/users,17,74,185,0.0018,565,
2026-03-16T05:00:00,/api/orders,33,131,347,0.0019,350,
2026-03-16T05:00:00,/api/products,21,89,225,0.0039,837,
2026-03-16T05:00:00,/api/search,44,180,463,0.0015,333,
2026-03-16T06:00:00,/api/users,39,169,422,0.0015,1352,
2026-03-16T06:00:00,/api/orders,65,260,685,0.0013,882,
2026-03-16T06:00:00,/api/products,41,178,450,0.0025,1403,
2026-03-16T06:00:00,/api/search,102,420,1080,0.001,581,
2026-03-16T07:00:00,/api/users,38,164,410,0.0031,1360,
2026-03-16T07:00:00,/api/orders,65,261,689,0.003,770,
2026-03-16T07:00:00,/api/products,38,164,416,0.0013,1710,
2026-03-16T07:00:00,/api/search,77,318,817,0.0015,534,
2026-03-16T08:00:00,/api/users,34,145,362,0.0017,1396,
2026-03-16T08:00:00,/api/orders,44,177,466,0.0028,711,
2026-03-16T08:00:00,/api/products,35,148,375,0.0016,1540,
2026-03-16T08:00:00,/api/search,92,381,979,0.0029,683,
2026-03-16T09:00:00,/api/users,59,251,628,0.003,1746,
2026-03-16T09:00:00,/api/orders,76,302,797,0.0019,1097,
2026-03-16T09:00:00,/api/products,44,189,478,0.0032,1951,
2026-03-16T09:00:00,/api/search,104,430,1106,0.0021,669,
2026-03-16T10:00:00,/api/users,47,201,503,0.0012,1657,
2026-03-16T10:00:00,/api/orders,67,268,706,0.0034,1041,
2026-03-16T10:00:00,/api/products,48,207,524,0.0035,2104,
2026-03-16T10:00:00,/api/search,122,503,1292,0.0022,730,
2026-03-16T11:00:00,/api/users,60,258,645,0.002,1547,
2026-03-16T11:00:00,/api/orders,94,376,991,0.0032,1083,
2026-03-16T11:00:00,/api/products,58,250,632,0.0029,2432,
2026-03-16T11:00:00,/api/search,129,532,1369,0.0013,841,
2026-03-16T12:00:00,/api/users,69,296,741,0.0011,1888,
2026-03-16T12:00:00,/api/orders,73,291,768,0.0016,1146,
2026-03-16T12:00:00,/api/products,58,247,625,0.0031,2039,
2026-03-16T12:00:00,/api/search,132,545,1402,0.0018,767,
2026-03-16T13:00:00,/api/users,67,285,714,0.001,1748,
2026-03-16T13:00:00,/api/orders,83,330,870,0.0015,1139,
2026-03-16T13:00:00,/api/products,53,229,581,0.0031,2533,
2026-03-16T13:00:00,/api/search,147,607,1560,0.0012,913,
2026-03-16T14:00:00,/api/users,56,239,598,0.0027,2107,
2026-03-16T14:00:00,/api/orders,73,293,772,0.0015,1232,
2026-03-16T14:00:00,/api/products,60,259,657,0.003,2096,
2026-03-16T14:00:00,/api/search,150,617,1586,0.0015,941,
2026-03-16T15:00:00,/api/users,58,247,619,0.0036,1997,
2026-03-16T15:00:00,/api/orders,71,282,744,0.0011,1277,
2026-03-16T15:00:00,/api/products,50,213,540,0.0021,2198,
2026-03-16T15:00:00,/api/search,104,429,1104,0.0026,801,
2026-03-16T16:00:00,/api/users,61,260,650,0.0019,1693,
2026-03-16T16:00:00,/api/orders,70,279,735,0.0013,1293,
2026-03-16T16:00:00,/api/products,50,215,544,0.0015,2357,
2026-03-16T16:00:00,/api/search,135,557,1433,0.0026,737,
2026-03-16T17:00:00,/api/users,175,751,1877,0.0235,1548,429
2026-03-16T17:00:00,/api/orders,67,269,709,0.0032,995,
2026-03-16T17:00:00,/api/products,42,178,452,0.0013,2061,
2026-03-16T17:00:00,/api/search,109,447,1149,0.0015,747,
2026-03-16T18:00:00,/api/users,60,257,642,0.0023,1761,
2026-03-16T18:00:00,/api/orders,78,311,821,0.0018,990,
2026-03-16T18:00:00,/api/products,44,190,481,0.0014,2122,
2026-03-16T18:00:00,/api/search,119,490,1261,0.0018,893,
2026-03-16T19:00:00,/api/users,47,201,502,0.0013,1356,
2026-03-16T19:00:00,/api/orders,64,257,676,0.0016,863,
2026-03-16T19:00:00,/api/products,42,179,453,0.0015,1668,
2026-03-16T19:00:00,/api/search,84,347,891,0.0029,540,
2026-03-16T20:00:00,/api/users,46,196,490,0.0029,1143,
2026-03-16T20:00:00,/api/orders,64,258,680,0.0019,910,
2026-03-16T20:00:00,/api/products,36,153,387,0.0019,1545,
2026-03-16T20:00:00,/api/search,94,388,998,0.0023,634,
2026-03-16T21:00:00,/api/users,46,198,496,0.0013,1271,
2026-03-16T21:00:00,/api/orders,56,223,588,0.0014,850,
2026-03-16T21:00:00,/api/products,29,124,314,0.0035,1716,
2026-03-16T21:00:00,/api/search,84,348,894,0.0014,599,
2026-03-16T22:00:00,/api/users,48,206,515,0.0027,1288,
2026-03-16T22:00:00,/api/orders,61,244,642,0.0039,833,
2026-03-16T22:00:00,/api/products,42,179,453,0.0012,1507,
2026-03-16T22:00:00,/api/search,95,392,1007,0.0024,657,
2026-03-16T23:00:00,/api/users,46,196,491,0.0033,1071,
2026-03-16T23:00:00,/api/orders,58,232,613,0.0024,908,
2026-03-16T23:00:00,/api/products,38,163,413,0.0035,1653,
2026-03-16T23:00:00,/api/search,81,334,860,0.0035,586,
2026-03-17T00:00:00,/api/users,23,99,248,0.0027,591,
2026-03-17T00:00:00,/api/orders,29,117,310,0.0031,444,
2026-03-17T00:00:00,/api/products,17,73,184,0.0012,810,
2026-03-17T00:00:00,/api/search,39,159,408,0.0013,329,
2026-03-17T01:00:00,/api/users,24,103,256,0.0023,649,
2026-03-17T01:00:00,/api/orders,32,126,333,0.0034,423,
2026-03-17T01:00:00,/api/products,14,61,154,0.0015,727,
2026-03-17T01:00:00,/api/search,43,176,452,0.0023,313,
2026-03-17T02:00:00,/api/users,19,83,207,0.0027,623,
2026-03-17T02:00:00,/api/orders,28,113,299,0.0034,419,
2026-03-17T02:00:00,/api/products,19,80,204,0.0013,778,
2026-03-17T02:00:00,/api/search,47,194,498,0.0024,262,
2026-03-17T03:00:00,/api/users,17,74,185,0.0023,591,
2026-03-17T03:00:00,/api/orders,28,111,291,0.0024,430,
2026-03-17T03:00:00,/api/products,17,75,190,0.0031,760,
2026-03-17T03:00:00,/api/search,44,181,466,0.003,291,
2026-03-17T04:00:00,/api/users,18,79,197,0.002,565,
2026-03-17T04:00:00,/api/orders,32,128,337,0.0037,451,
2026-03-17T04:00:00,/api/products,14,62,156,0.0016,639,
2026-03-17T04:00:00,/api/search,40,164,421,0.004,286,
2026-03-17T05:00:00,/api/users,18,76,189,0.0034,642,
2026-03-17T05:00:00,/api/orders,33,132,347,0.0025,410,
2026-03-17T05:00:00,/api/products,20,86,217,0.0029,722,
2026-03-17T05:00:00,/api/search,40,165,425,0.001,332,
2026-03-17T06:00:00,/api/users,42,179,446,0.0022,1312,
2026-03-17T06:00:00,/api/orders,54,214,565,0.0024,825,
2026-03-17T06:00:00,/api/products,40,171,434,0.0029,1283,
2026-03-17T06:00:00,/api/search,89,365,938,0.0026,533,
2026-03-17T07:00:00,/api/users,49,208,521,0.0019,1303,
2026-03-17T07:00:00,/api/orders,54,216,569,0.0011,785,
2026-03-17T07:00:00,/api/products,33,143,363,0.0025,1580,
2026-03-17T07:00:00,/api/search,100,412,1059,0.0032,541,
2026-03-17T08:00:00,/api/users,41,174,435,0.002,1201,
2026-03-17T08:00:00,/api/orders,63,253,668,0.0033,874,
2026-03-17T08:00:00,/api/products,42,179,453,0.0029,1711,
2026-03-17T08:00:00,/api/search,78,321,826,0.0028,551,
2026-03-17T09:00:00,/api/users,49,211,526,0.0037,1511,
2026-03-17T09:00:00,/api/orders,65,260,685,0.0027,1072,
2026-03-17T09:00:00,/api/products,40,171,433,0.0021,2175,
2026-03-17T09:00:00,/api/search,101,415,1066,0.0022,835,
2026-03-17T10:00:00,/api/users,62,265,663,0.0023,1549,
2026-03-17T10:00:00,/api/orders,87,348,918,0.0036,1096,
2026-03-17T10:00:00,/api/products,54,232,588,0.0021,2118,
2026-03-17T10:00:00,/api/search,107,441,1134,0.003,726,
2026-03-17T11:00:00,/api/users,62,268,670,0.0038,1838,
2026-03-17T11:00:00,/api/orders,137,550,1449,0.0276,1243,500
2026-03-17T11:00:00,/api/products,47,200,507,0.002,2450,
2026-03-17T11:00:00,/api/search,120,493,1269,0.0012,840,
2026-03-17T12:00:00,/api/users,64,276,689,0.0034,1762,
2026-03-17T12:00:00,/api/orders,65,260,684,0.0037,1271,
2026-03-17T12:00:00,/api/products,61,260,658,0.0036,2044,
2026-03-17T12:00:00,/api/search,110,453,1165,0.0014,912,
2026-03-17T13:00:00,/api/users,55,236,589,0.0021,1862,
2026-03-17T13:00:00,/api/orders,67,268,706,0.0035,1262,
2026-03-17T13:00:00,/api/products,61,260,658,0.003,2577,
2026-03-17T13:00:00,/api/search,103,426,1095,0.0033,1018,
2026-03-17T14:00:00,/api/users,66,285,712,0.0027,1625,
2026-03-17T14:00:00,/api/orders,69,276,727,0.0026,1316,
2026-03-17T14:00:00,/api/products,47,203,515,0.0024,2473,
2026-03-17T14:00:00,/api/search,147,604,1554,0.003,864,
2026-03-17T15:00:00,/api/users,62,267,667,0.0017,1883,
2026-03-17T15:00:00,/api/orders,80,319,841,0.0021,1004,
2026-03-17T15:00:00,/api/products,56,238,603,0.0012,1988,
2026-03-17T15:00:00,/api/search,129,532,1369,0.0034,830,
2026-03-17T16:00:00,/api/users,68,292,730,0.004,1751,
2026-03-17T16:00:00,/api/orders,87,346,913,0.0023,1310,
2026-03-17T16:00:00,/api/products,57,244,618,0.002,2180,
2026-03-17T16:00:00,/api/search,130,536,1378,0.0019,980,
2026-03-17T17:00:00,/api/users,54,233,583,0.0017,1740,
2026-03-17T17:00:00,/api/orders,74,295,779,0.0012,1024,
2026-03-17T17:00:00,/api/products,47,202,513,0.0019,1824,
2026-03-17T17:00:00,/api/search,136,559,1436,0.0012,732,
2026-03-17T18:00:00,/api/users,59,253,633,0.0014,1679,
2026-03-17T18:00:00,/api/orders,85,341,898,0.0013,935,
2026-03-17T18:00:00,/api/products,41,176,447,0.0015,1674,
2026-03-17T18:00:00,/api/search,114,470,1209,0.0028,797,
2026-03-17T19:00:00,/api/users,45,195,487,0.0023,1137,
2026-03-17T19:00:00,/api/orders,64,254,671,0.004,847,
2026-03-17T19:00:00,/api/products,37,157,399,0.0013,1424,
2026-03-17T19:00:00,/api/search,69,283,727,0.0028,531,
2026-03-17T20:00:00,/api/users,41,174,435,0.0032,1415,
2026-03-17T20:00:00,/api/orders,48,194,511,0.0012,886,
2026-03-17T20:00:00,/api/products,40,171,434,0.0038,1653,
2026-03-17T20:00:00,/api/search,96,397,1021,0.0031,540,
2026-03-17T21:00:00,/api/users,48,207,518,0.0011,1194,
2026-03-17T21:00:00,/api/orders,49,198,522,0.0023,890,
2026-03-17T21:00:00,/api/products,38,164,415,0.0034,1587,
2026-03-17T21:00:00,/api/search,90,369,950,0.0021,577,
2026-03-17T22:00:00,/api/users,36,156,389,0.0033,1082,
2026-03-17T22:00:00,/api/orders,53,211,556,0.0025,698,
2026-03-17T22:00:00,/api/products,35,151,382,0.0016,1344,
2026-03-17T22:00:00,/api/search,97,398,1025,0.0014,608,
2026-03-17T23:00:00,/api/users,42,179,448,0.0029,1147,
2026-03-17T23:00:00,/api/orders,66,264,695,0.0028,905,
2026-03-17T23:00:00,/api/products,41,175,445,0.0033,1713,
2026-03-17T23:00:00,/api/search,83,343,882,0.0018,525,
